ISO-10303-21;
HEADER;
/* Generated by software containing ST-Developer
 * from STEP Tools, Inc. (www.steptools.com) 
 */
/* OPTION: using custom renumber hook */

FILE_DESCRIPTION(
/* description */ ('STEP AP242 Edition 2',
'CAx-IF Rec.Pracs.---Representation and Presentation of Product Manufa
cturing Information (PMI)---4.0---2014-10-13',
'CAx-IF Rec.Pracs.---3D Tessellated Geometry---0.4---2014-09-14','2;1',
'CAx-IF Rec.Pracs.---User Defined Attributes---1.5---2016-08-15'),
/* implementation_level */ '2;1');

FILE_NAME(
/* name */ 'Part Studio 1',
/* time_stamp */ '2026-09-24T03:06:24Z',
/* author */ (''),
/* organization */ (''),
/* preprocessor_version */ 'ST-DEVELOPER v20',
/* originating_system */ 'ONSHAPE BY PTC INC, 1.221',
/* authorisation */ '  ');

FILE_SCHEMA (('AP242_MANAGED_MODEL_BASED_3D_ENGINEERING_MIM_LF { 1 0 10303 442 3 1 4 }'));
ENDSEC;

DATA;
#10=ELLIPSE('',#2051,2.82842712474619,2.);
#11=ELLIPSE('',#2054,2.82842712474619,2.);
#12=ELLIPSE('',#2057,2.82842712474619,2.);
#13=B_SPLINE_CURVE_WITH_KNOTS('',3,(#3057,#3058,#3059,#3060,#3061,#3062,
#3063),.UNSPECIFIED.,.F.,.F.,(4,1,1,1,4),(0.,0.000794840249517041,0.00158968049903408,
0.00238452074855112,0.00317936099806817),.UNSPECIFIED.);
#14=B_SPLINE_CURVE_WITH_KNOTS('',3,(#3065,#3066,#3067,#3068,#3069,#3070,
#3071),.UNSPECIFIED.,.F.,.F.,(4,1,1,1,4),(0.,0.000794839871458088,0.00158967974291618,
0.00238451961437427,0.00317935948583235),.UNSPECIFIED.);
#15=B_SPLINE_CURVE_WITH_KNOTS('',3,(#3073,#3074,#3075,#3076,#3077,#3078,
#3079),.UNSPECIFIED.,.F.,.F.,(4,1,1,1,4),(0.,0.000794839871458062,0.00158967974291612,
0.00238451961437419,0.00317935948583225),.UNSPECIFIED.);
#16=B_SPLINE_CURVE_WITH_KNOTS('',3,(#3081,#3082,#3083,#3084),
 .UNSPECIFIED.,.F.,.F.,(4,4),(0.,0.00159145320556465),.UNSPECIFIED.);
#17=B_SPLINE_CURVE_WITH_KNOTS('',3,(#3089,#3090,#3091,#3092),
 .UNSPECIFIED.,.F.,.F.,(4,4),(0.,0.00159145320556476),.UNSPECIFIED.);
#18=SPHERICAL_SURFACE('',#1959,3.);
#19=SPHERICAL_SURFACE('',#1970,3.);
#20=SPHERICAL_SURFACE('',#1972,3.);
#21=SPHERICAL_SURFACE('',#1978,3.);
#22=SPHERICAL_SURFACE('',#2049,2.);
#23=SPHERICAL_SURFACE('',#2069,5.25);
#24=SHAPE_REPRESENTATION_RELATIONSHIP('','',#1884,#27);
#25=SHAPE_REPRESENTATION_RELATIONSHIP('','',#1885,#28);
#26=SHAPE_REPRESENTATION_RELATIONSHIP('','',#1886,#29);
#27=ADVANCED_BREP_SHAPE_REPRESENTATION('',(#1878),#3151);
#28=ADVANCED_BREP_SHAPE_REPRESENTATION('',(#1879),#3152);
#29=ADVANCED_BREP_SHAPE_REPRESENTATION('',(#1880),#3153);
#30=CYLINDRICAL_SURFACE('',#1906,3.);
#31=CYLINDRICAL_SURFACE('',#1907,3.);
#32=CYLINDRICAL_SURFACE('',#1908,1.);
#33=CYLINDRICAL_SURFACE('',#1909,1.);
#34=CYLINDRICAL_SURFACE('',#1910,1.);
#35=CYLINDRICAL_SURFACE('',#1911,1.);
#36=CYLINDRICAL_SURFACE('',#1957,3.);
#37=CYLINDRICAL_SURFACE('',#1962,3.);
#38=CYLINDRICAL_SURFACE('',#1964,3.);
#39=CYLINDRICAL_SURFACE('',#1966,3.);
#40=CYLINDRICAL_SURFACE('',#1968,3.);
#41=CYLINDRICAL_SURFACE('',#1974,3.);
#42=CYLINDRICAL_SURFACE('',#1976,3.);
#43=CYLINDRICAL_SURFACE('',#1980,3.);
#44=CYLINDRICAL_SURFACE('',#1983,3.75000000000014);
#45=CYLINDRICAL_SURFACE('',#1993,1.5);
#46=CYLINDRICAL_SURFACE('',#1994,1.5);
#47=CYLINDRICAL_SURFACE('',#1995,1.5);
#48=CYLINDRICAL_SURFACE('',#1996,1.5);
#49=CYLINDRICAL_SURFACE('',#2010,1.5);
#50=CYLINDRICAL_SURFACE('',#2011,1.5);
#51=CYLINDRICAL_SURFACE('',#2027,1.);
#52=CYLINDRICAL_SURFACE('',#2028,1.);
#53=CYLINDRICAL_SURFACE('',#2029,1.);
#54=CYLINDRICAL_SURFACE('',#2030,1.);
#55=CYLINDRICAL_SURFACE('',#2032,1.);
#56=CYLINDRICAL_SURFACE('',#2035,1.);
#57=CYLINDRICAL_SURFACE('',#2038,1.);
#58=CYLINDRICAL_SURFACE('',#2041,1.);
#59=CYLINDRICAL_SURFACE('',#2044,2.);
#60=CYLINDRICAL_SURFACE('',#2047,2.);
#61=CYLINDRICAL_SURFACE('',#2050,2.);
#62=CYLINDRICAL_SURFACE('',#2052,2.);
#63=CYLINDRICAL_SURFACE('',#2053,2.);
#64=CYLINDRICAL_SURFACE('',#2055,2.);
#65=CYLINDRICAL_SURFACE('',#2056,2.);
#66=CYLINDRICAL_SURFACE('',#2058,2.);
#67=CYLINDRICAL_SURFACE('',#2062,5.25);
#68=CYLINDRICAL_SURFACE('',#2067,3.25);
#69=LINE('',#2613,#230);
#70=LINE('',#2618,#231);
#71=LINE('',#2622,#232);
#72=LINE('',#2624,#233);
#73=LINE('',#2626,#234);
#74=LINE('',#2629,#235);
#75=LINE('',#2630,#236);
#76=LINE('',#2640,#237);
#77=LINE('',#2644,#238);
#78=LINE('',#2646,#239);
#79=LINE('',#2650,#240);
#80=LINE('',#2651,#241);
#81=LINE('',#2653,#242);
#82=LINE('',#2654,#243);
#83=LINE('',#2664,#244);
#84=LINE('',#2669,#245);
#85=LINE('',#2671,#246);
#86=LINE('',#2673,#247);
#87=LINE('',#2675,#248);
#88=LINE('',#2677,#249);
#89=LINE('',#2679,#250);
#90=LINE('',#2683,#251);
#91=LINE('',#2685,#252);
#92=LINE('',#2687,#253);
#93=LINE('',#2690,#254);
#94=LINE('',#2692,#255);
#95=LINE('',#2694,#256);
#96=LINE('',#2696,#257);
#97=LINE('',#2698,#258);
#98=LINE('',#2699,#259);
#99=LINE('',#2701,#260);
#100=LINE('',#2704,#261);
#101=LINE('',#2706,#262);
#102=LINE('',#2708,#263);
#103=LINE('',#2710,#264);
#104=LINE('',#2713,#265);
#105=LINE('',#2715,#266);
#106=LINE('',#2717,#267);
#107=LINE('',#2723,#268);
#108=LINE('',#2724,#269);
#109=LINE('',#2726,#270);
#110=LINE('',#2729,#271);
#111=LINE('',#2730,#272);
#112=LINE('',#2731,#273);
#113=LINE('',#2733,#274);
#114=LINE('',#2735,#275);
#115=LINE('',#2736,#276);
#116=LINE('',#2739,#277);
#117=LINE('',#2741,#278);
#118=LINE('',#2743,#279);
#119=LINE('',#2744,#280);
#120=LINE('',#2746,#281);
#121=LINE('',#2748,#282);
#122=LINE('',#2750,#283);
#123=LINE('',#2752,#284);
#124=LINE('',#2754,#285);
#125=LINE('',#2756,#286);
#126=LINE('',#2758,#287);
#127=LINE('',#2760,#288);
#128=LINE('',#2762,#289);
#129=LINE('',#2764,#290);
#130=LINE('',#2766,#291);
#131=LINE('',#2769,#292);
#132=LINE('',#2771,#293);
#133=LINE('',#2773,#294);
#134=LINE('',#2775,#295);
#135=LINE('',#2778,#296);
#136=LINE('',#2780,#297);
#137=LINE('',#2782,#298);
#138=LINE('',#2798,#299);
#139=LINE('',#2801,#300);
#140=LINE('',#2803,#301);
#141=LINE('',#2805,#302);
#142=LINE('',#2806,#303);
#143=LINE('',#2807,#304);
#144=LINE('',#2809,#305);
#145=LINE('',#2811,#306);
#146=LINE('',#2816,#307);
#147=LINE('',#2817,#308);
#148=LINE('',#2819,#309);
#149=LINE('',#2821,#310);
#150=LINE('',#2822,#311);
#151=LINE('',#2824,#312);
#152=LINE('',#2830,#313);
#153=LINE('',#2832,#314);
#154=LINE('',#2834,#315);
#155=LINE('',#2837,#316);
#156=LINE('',#2839,#317);
#157=LINE('',#2841,#318);
#158=LINE('',#2851,#319);
#159=LINE('',#2855,#320);
#160=LINE('',#2856,#321);
#161=LINE('',#2860,#322);
#162=LINE('',#2861,#323);
#163=LINE('',#2865,#324);
#164=LINE('',#2866,#325);
#165=LINE('',#2870,#326);
#166=LINE('',#2871,#327);
#167=LINE('',#2877,#328);
#168=LINE('',#2879,#329);
#169=LINE('',#2881,#330);
#170=LINE('',#2884,#331);
#171=LINE('',#2886,#332);
#172=LINE('',#2888,#333);
#173=LINE('',#2890,#334);
#174=LINE('',#2895,#335);
#175=LINE('',#2897,#336);
#176=LINE('',#2900,#337);
#177=LINE('',#2901,#338);
#178=LINE('',#2903,#339);
#179=LINE('',#2905,#340);
#180=LINE('',#2907,#341);
#181=LINE('',#2933,#342);
#182=LINE('',#2935,#343);
#183=LINE('',#2936,#344);
#184=LINE('',#2938,#345);
#185=LINE('',#2940,#346);
#186=LINE('',#2942,#347);
#187=LINE('',#2943,#348);
#188=LINE('',#2945,#349);
#189=LINE('',#2950,#350);
#190=LINE('',#2957,#351);
#191=LINE('',#2968,#352);
#192=LINE('',#2970,#353);
#193=LINE('',#2972,#354);
#194=LINE('',#2974,#355);
#195=LINE('',#2976,#356);
#196=LINE('',#2987,#357);
#197=LINE('',#2989,#358);
#198=LINE('',#2991,#359);
#199=LINE('',#2993,#360);
#200=LINE('',#2995,#361);
#201=LINE('',#2997,#362);
#202=LINE('',#2999,#363);
#203=LINE('',#3001,#364);
#204=LINE('',#3007,#365);
#205=LINE('',#3009,#366);
#206=LINE('',#3011,#367);
#207=LINE('',#3013,#368);
#208=LINE('',#3015,#369);
#209=LINE('',#3017,#370);
#210=LINE('',#3019,#371);
#211=LINE('',#3021,#372);
#212=LINE('',#3023,#373);
#213=LINE('',#3027,#374);
#214=LINE('',#3029,#375);
#215=LINE('',#3031,#376);
#216=LINE('',#3033,#377);
#217=LINE('',#3035,#378);
#218=LINE('',#3037,#379);
#219=LINE('',#3041,#380);
#220=LINE('',#3043,#381);
#221=LINE('',#3045,#382);
#222=LINE('',#3047,#383);
#223=LINE('',#3049,#384);
#224=LINE('',#3051,#385);
#225=LINE('',#3055,#386);
#226=LINE('',#3126,#387);
#227=LINE('',#3139,#388);
#228=LINE('',#3143,#389);
#229=LINE('',#3146,#390);
#230=VECTOR('',#2084,1000.);
#231=VECTOR('',#2087,1000.);
#232=VECTOR('',#2090,1000.);
#233=VECTOR('',#2091,1000.);
#234=VECTOR('',#2094,1000.);
#235=VECTOR('',#2095,1000.);
#236=VECTOR('',#2096,1000.);
#237=VECTOR('',#2107,1000.);
#238=VECTOR('',#2110,1000.);
#239=VECTOR('',#2111,1000.);
#240=VECTOR('',#2116,1000.);
#241=VECTOR('',#2117,1000.);
#242=VECTOR('',#2120,1000.);
#243=VECTOR('',#2121,1000.);
#244=VECTOR('',#2140,1000.);
#245=VECTOR('',#2143,1000.);
#246=VECTOR('',#2144,1000.);
#247=VECTOR('',#2145,1000.);
#248=VECTOR('',#2146,1000.);
#249=VECTOR('',#2147,1000.);
#250=VECTOR('',#2148,1000.);
#251=VECTOR('',#2151,1000.);
#252=VECTOR('',#2152,1000.);
#253=VECTOR('',#2155,1000.);
#254=VECTOR('',#2156,1000.);
#255=VECTOR('',#2157,1000.);
#256=VECTOR('',#2158,1000.);
#257=VECTOR('',#2159,1000.);
#258=VECTOR('',#2160,1000.);
#259=VECTOR('',#2161,1000.);
#260=VECTOR('',#2164,1000.);
#261=VECTOR('',#2165,1000.);
#262=VECTOR('',#2166,1000.);
#263=VECTOR('',#2167,1000.);
#264=VECTOR('',#2170,1000.);
#265=VECTOR('',#2171,1000.);
#266=VECTOR('',#2172,1000.);
#267=VECTOR('',#2173,1000.);
#268=VECTOR('',#2180,1000.);
#269=VECTOR('',#2181,1000.);
#270=VECTOR('',#2184,1000.);
#271=VECTOR('',#2185,1000.);
#272=VECTOR('',#2186,1000.);
#273=VECTOR('',#2187,1000.);
#274=VECTOR('',#2188,1000.);
#275=VECTOR('',#2189,1000.);
#276=VECTOR('',#2190,1000.);
#277=VECTOR('',#2191,1000.);
#278=VECTOR('',#2192,1000.);
#279=VECTOR('',#2193,1000.);
#280=VECTOR('',#2194,1000.);
#281=VECTOR('',#2195,1000.);
#282=VECTOR('',#2198,1000.);
#283=VECTOR('',#2199,1000.);
#284=VECTOR('',#2200,1000.);
#285=VECTOR('',#2201,1000.);
#286=VECTOR('',#2202,1000.);
#287=VECTOR('',#2203,1000.);
#288=VECTOR('',#2204,1000.);
#289=VECTOR('',#2205,1000.);
#290=VECTOR('',#2206,1000.);
#291=VECTOR('',#2209,1000.);
#292=VECTOR('',#2210,1000.);
#293=VECTOR('',#2211,1000.);
#294=VECTOR('',#2212,1000.);
#295=VECTOR('',#2215,1000.);
#296=VECTOR('',#2216,1000.);
#297=VECTOR('',#2217,1000.);
#298=VECTOR('',#2218,1000.);
#299=VECTOR('',#2235,1000.);
#300=VECTOR('',#2236,1000.);
#301=VECTOR('',#2237,1000.);
#302=VECTOR('',#2238,1000.);
#303=VECTOR('',#2239,1000.);
#304=VECTOR('',#2240,1000.);
#305=VECTOR('',#2243,1000.);
#306=VECTOR('',#2246,1000.);
#307=VECTOR('',#2249,1000.);
#308=VECTOR('',#2250,1000.);
#309=VECTOR('',#2251,1000.);
#310=VECTOR('',#2252,1000.);
#311=VECTOR('',#2253,1000.);
#312=VECTOR('',#2254,1000.);
#313=VECTOR('',#2259,1000.);
#314=VECTOR('',#2260,1000.);
#315=VECTOR('',#2263,1000.);
#316=VECTOR('',#2264,1000.);
#317=VECTOR('',#2265,1000.);
#318=VECTOR('',#2266,1000.);
#319=VECTOR('',#2277,1000.);
#320=VECTOR('',#2280,1000.);
#321=VECTOR('',#2281,1000.);
#322=VECTOR('',#2284,1000.);
#323=VECTOR('',#2285,1000.);
#324=VECTOR('',#2288,1000.);
#325=VECTOR('',#2289,1000.);
#326=VECTOR('',#2292,1000.);
#327=VECTOR('',#2293,1000.);
#328=VECTOR('',#2298,1000.);
#329=VECTOR('',#2299,1000.);
#330=VECTOR('',#2302,1000.);
#331=VECTOR('',#2303,1000.);
#332=VECTOR('',#2304,1000.);
#333=VECTOR('',#2305,1000.);
#334=VECTOR('',#2308,1000.);
#335=VECTOR('',#2313,1000.);
#336=VECTOR('',#2316,1000.);
#337=VECTOR('',#2317,1000.);
#338=VECTOR('',#2318,1000.);
#339=VECTOR('',#2321,1000.);
#340=VECTOR('',#2322,1000.);
#341=VECTOR('',#2323,1000.);
#342=VECTOR('',#2374,1000.);
#343=VECTOR('',#2375,1000.);
#344=VECTOR('',#2376,1000.);
#345=VECTOR('',#2377,1000.);
#346=VECTOR('',#2380,1000.);
#347=VECTOR('',#2381,1000.);
#348=VECTOR('',#2382,1000.);
#349=VECTOR('',#2383,1000.);
#350=VECTOR('',#2390,1000.);
#351=VECTOR('',#2399,1000.);
#352=VECTOR('',#2416,1000.);
#353=VECTOR('',#2417,1000.);
#354=VECTOR('',#2420,1000.);
#355=VECTOR('',#2421,1000.);
#356=VECTOR('',#2424,1000.);
#357=VECTOR('',#2437,1000.);
#358=VECTOR('',#2438,1000.);
#359=VECTOR('',#2439,1000.);
#360=VECTOR('',#2442,1000.);
#361=VECTOR('',#2443,1000.);
#362=VECTOR('',#2446,1000.);
#363=VECTOR('',#2447,1000.);
#364=VECTOR('',#2450,1000.);
#365=VECTOR('',#2461,1000.);
#366=VECTOR('',#2462,1000.);
#367=VECTOR('',#2465,1000.);
#368=VECTOR('',#2466,1000.);
#369=VECTOR('',#2469,1000.);
#370=VECTOR('',#2470,1000.);
#371=VECTOR('',#2473,1000.);
#372=VECTOR('',#2474,1000.);
#373=VECTOR('',#2477,1000.);
#374=VECTOR('',#2480,1000.);
#375=VECTOR('',#2483,1000.);
#376=VECTOR('',#2484,1000.);
#377=VECTOR('',#2487,1000.);
#378=VECTOR('',#2488,1000.);
#379=VECTOR('',#2491,1000.);
#380=VECTOR('',#2494,1000.);
#381=VECTOR('',#2497,1000.);
#382=VECTOR('',#2498,1000.);
#383=VECTOR('',#2501,1000.);
#384=VECTOR('',#2502,1000.);
#385=VECTOR('',#2505,1000.);
#386=VECTOR('',#2508,1000.);
#387=VECTOR('',#2577,1000.);
#388=VECTOR('',#2592,1000.);
#389=VECTOR('',#2595,1000.);
#390=VECTOR('',#2600,1000.);
#391=ORIENTED_EDGE('',*,*,#879,.F.);
#392=ORIENTED_EDGE('',*,*,#880,.F.);
#393=ORIENTED_EDGE('',*,*,#881,.F.);
#394=ORIENTED_EDGE('',*,*,#882,.F.);
#395=ORIENTED_EDGE('',*,*,#883,.F.);
#396=ORIENTED_EDGE('',*,*,#884,.T.);
#397=ORIENTED_EDGE('',*,*,#885,.T.);
#398=ORIENTED_EDGE('',*,*,#886,.T.);
#399=ORIENTED_EDGE('',*,*,#887,.T.);
#400=ORIENTED_EDGE('',*,*,#888,.F.);
#401=ORIENTED_EDGE('',*,*,#889,.F.);
#402=ORIENTED_EDGE('',*,*,#890,.T.);
#403=ORIENTED_EDGE('',*,*,#883,.T.);
#404=ORIENTED_EDGE('',*,*,#891,.T.);
#405=ORIENTED_EDGE('',*,*,#892,.F.);
#406=ORIENTED_EDGE('',*,*,#893,.F.);
#407=ORIENTED_EDGE('',*,*,#894,.F.);
#408=ORIENTED_EDGE('',*,*,#895,.F.);
#409=ORIENTED_EDGE('',*,*,#896,.F.);
#410=ORIENTED_EDGE('',*,*,#897,.T.);
#411=ORIENTED_EDGE('',*,*,#889,.T.);
#412=ORIENTED_EDGE('',*,*,#898,.T.);
#413=ORIENTED_EDGE('',*,*,#899,.F.);
#414=ORIENTED_EDGE('',*,*,#900,.T.);
#415=ORIENTED_EDGE('',*,*,#887,.F.);
#416=ORIENTED_EDGE('',*,*,#901,.T.);
#417=ORIENTED_EDGE('',*,*,#899,.T.);
#418=ORIENTED_EDGE('',*,*,#902,.F.);
#419=ORIENTED_EDGE('',*,*,#885,.F.);
#420=ORIENTED_EDGE('',*,*,#903,.T.);
#421=ORIENTED_EDGE('',*,*,#896,.T.);
#422=ORIENTED_EDGE('',*,*,#904,.T.);
#423=ORIENTED_EDGE('',*,*,#888,.T.);
#424=ORIENTED_EDGE('',*,*,#902,.T.);
#425=ORIENTED_EDGE('',*,*,#898,.F.);
#426=ORIENTED_EDGE('',*,*,#891,.F.);
#427=ORIENTED_EDGE('',*,*,#884,.F.);
#428=ORIENTED_EDGE('',*,*,#890,.F.);
#429=ORIENTED_EDGE('',*,*,#897,.F.);
#430=ORIENTED_EDGE('',*,*,#903,.F.);
#431=ORIENTED_EDGE('',*,*,#886,.F.);
#432=ORIENTED_EDGE('',*,*,#904,.F.);
#433=ORIENTED_EDGE('',*,*,#900,.F.);
#434=ORIENTED_EDGE('',*,*,#901,.F.);
#435=ORIENTED_EDGE('',*,*,#882,.T.);
#436=ORIENTED_EDGE('',*,*,#895,.T.);
#437=ORIENTED_EDGE('',*,*,#881,.T.);
#438=ORIENTED_EDGE('',*,*,#894,.T.);
#439=ORIENTED_EDGE('',*,*,#880,.T.);
#440=ORIENTED_EDGE('',*,*,#893,.T.);
#441=ORIENTED_EDGE('',*,*,#879,.T.);
#442=ORIENTED_EDGE('',*,*,#892,.T.);
#443=ORIENTED_EDGE('',*,*,#905,.F.);
#444=ORIENTED_EDGE('',*,*,#906,.T.);
#445=ORIENTED_EDGE('',*,*,#907,.T.);
#446=ORIENTED_EDGE('',*,*,#908,.T.);
#447=ORIENTED_EDGE('',*,*,#909,.F.);
#448=ORIENTED_EDGE('',*,*,#910,.F.);
#449=ORIENTED_EDGE('',*,*,#911,.F.);
#450=ORIENTED_EDGE('',*,*,#912,.T.);
#451=ORIENTED_EDGE('',*,*,#913,.T.);
#452=ORIENTED_EDGE('',*,*,#914,.T.);
#453=ORIENTED_EDGE('',*,*,#915,.T.);
#454=ORIENTED_EDGE('',*,*,#916,.F.);
#455=ORIENTED_EDGE('',*,*,#917,.T.);
#456=ORIENTED_EDGE('',*,*,#918,.T.);
#457=ORIENTED_EDGE('',*,*,#919,.T.);
#458=ORIENTED_EDGE('',*,*,#920,.F.);
#459=ORIENTED_EDGE('',*,*,#921,.T.);
#460=ORIENTED_EDGE('',*,*,#911,.T.);
#461=ORIENTED_EDGE('',*,*,#922,.F.);
#462=ORIENTED_EDGE('',*,*,#923,.F.);
#463=ORIENTED_EDGE('',*,*,#924,.F.);
#464=ORIENTED_EDGE('',*,*,#925,.T.);
#465=ORIENTED_EDGE('',*,*,#926,.T.);
#466=ORIENTED_EDGE('',*,*,#927,.T.);
#467=ORIENTED_EDGE('',*,*,#928,.T.);
#468=ORIENTED_EDGE('',*,*,#929,.F.);
#469=ORIENTED_EDGE('',*,*,#930,.F.);
#470=ORIENTED_EDGE('',*,*,#931,.F.);
#471=ORIENTED_EDGE('',*,*,#932,.F.);
#472=ORIENTED_EDGE('',*,*,#924,.T.);
#473=ORIENTED_EDGE('',*,*,#933,.T.);
#474=ORIENTED_EDGE('',*,*,#927,.F.);
#475=ORIENTED_EDGE('',*,*,#934,.F.);
#476=ORIENTED_EDGE('',*,*,#935,.F.);
#477=ORIENTED_EDGE('',*,*,#936,.F.);
#478=ORIENTED_EDGE('',*,*,#926,.F.);
#479=ORIENTED_EDGE('',*,*,#937,.T.);
#480=ORIENTED_EDGE('',*,*,#929,.T.);
#481=ORIENTED_EDGE('',*,*,#938,.F.);
#482=ORIENTED_EDGE('',*,*,#939,.T.);
#483=ORIENTED_EDGE('',*,*,#940,.F.);
#484=ORIENTED_EDGE('',*,*,#941,.F.);
#485=ORIENTED_EDGE('',*,*,#942,.F.);
#486=ORIENTED_EDGE('',*,*,#943,.T.);
#487=ORIENTED_EDGE('',*,*,#944,.T.);
#488=ORIENTED_EDGE('',*,*,#945,.T.);
#489=ORIENTED_EDGE('',*,*,#922,.T.);
#490=ORIENTED_EDGE('',*,*,#910,.T.);
#491=ORIENTED_EDGE('',*,*,#946,.T.);
#492=ORIENTED_EDGE('',*,*,#947,.F.);
#493=ORIENTED_EDGE('',*,*,#948,.T.);
#494=ORIENTED_EDGE('',*,*,#949,.F.);
#495=ORIENTED_EDGE('',*,*,#950,.T.);
#496=ORIENTED_EDGE('',*,*,#951,.F.);
#497=ORIENTED_EDGE('',*,*,#952,.F.);
#498=ORIENTED_EDGE('',*,*,#953,.T.);
#499=ORIENTED_EDGE('',*,*,#954,.T.);
#500=ORIENTED_EDGE('',*,*,#955,.T.);
#501=ORIENTED_EDGE('',*,*,#908,.F.);
#502=ORIENTED_EDGE('',*,*,#956,.F.);
#503=ORIENTED_EDGE('',*,*,#957,.T.);
#504=ORIENTED_EDGE('',*,*,#958,.T.);
#505=ORIENTED_EDGE('',*,*,#959,.F.);
#506=ORIENTED_EDGE('',*,*,#960,.F.);
#507=ORIENTED_EDGE('',*,*,#961,.T.);
#508=ORIENTED_EDGE('',*,*,#962,.T.);
#509=ORIENTED_EDGE('',*,*,#963,.F.);
#510=ORIENTED_EDGE('',*,*,#964,.F.);
#511=ORIENTED_EDGE('',*,*,#965,.F.);
#512=ORIENTED_EDGE('',*,*,#966,.F.);
#513=ORIENTED_EDGE('',*,*,#967,.F.);
#514=ORIENTED_EDGE('',*,*,#968,.F.);
#515=ORIENTED_EDGE('',*,*,#969,.F.);
#516=ORIENTED_EDGE('',*,*,#970,.F.);
#517=ORIENTED_EDGE('',*,*,#971,.T.);
#518=ORIENTED_EDGE('',*,*,#972,.T.);
#519=ORIENTED_EDGE('',*,*,#973,.T.);
#520=ORIENTED_EDGE('',*,*,#974,.T.);
#521=ORIENTED_EDGE('',*,*,#975,.F.);
#522=ORIENTED_EDGE('',*,*,#959,.T.);
#523=ORIENTED_EDGE('',*,*,#976,.T.);
#524=ORIENTED_EDGE('',*,*,#962,.F.);
#525=ORIENTED_EDGE('',*,*,#909,.T.);
#526=ORIENTED_EDGE('',*,*,#955,.F.);
#527=ORIENTED_EDGE('',*,*,#977,.F.);
#528=ORIENTED_EDGE('',*,*,#946,.F.);
#529=ORIENTED_EDGE('',*,*,#978,.F.);
#530=ORIENTED_EDGE('',*,*,#979,.T.);
#531=ORIENTED_EDGE('',*,*,#980,.F.);
#532=ORIENTED_EDGE('',*,*,#916,.T.);
#533=ORIENTED_EDGE('',*,*,#945,.F.);
#534=ORIENTED_EDGE('',*,*,#977,.T.);
#535=ORIENTED_EDGE('',*,*,#954,.F.);
#536=ORIENTED_EDGE('',*,*,#981,.F.);
#537=ORIENTED_EDGE('',*,*,#982,.F.);
#538=ORIENTED_EDGE('',*,*,#983,.T.);
#539=ORIENTED_EDGE('',*,*,#950,.F.);
#540=ORIENTED_EDGE('',*,*,#984,.F.);
#541=ORIENTED_EDGE('',*,*,#985,.F.);
#542=ORIENTED_EDGE('',*,*,#986,.T.);
#543=ORIENTED_EDGE('',*,*,#987,.T.);
#544=ORIENTED_EDGE('',*,*,#988,.T.);
#545=ORIENTED_EDGE('',*,*,#989,.F.);
#546=ORIENTED_EDGE('',*,*,#990,.F.);
#547=ORIENTED_EDGE('',*,*,#991,.T.);
#548=ORIENTED_EDGE('',*,*,#992,.T.);
#549=ORIENTED_EDGE('',*,*,#993,.T.);
#550=ORIENTED_EDGE('',*,*,#994,.T.);
#551=ORIENTED_EDGE('',*,*,#995,.T.);
#552=ORIENTED_EDGE('',*,*,#996,.T.);
#553=ORIENTED_EDGE('',*,*,#997,.T.);
#554=ORIENTED_EDGE('',*,*,#998,.T.);
#555=ORIENTED_EDGE('',*,*,#999,.T.);
#556=ORIENTED_EDGE('',*,*,#1000,.F.);
#557=ORIENTED_EDGE('',*,*,#915,.F.);
#558=ORIENTED_EDGE('',*,*,#1001,.T.);
#559=ORIENTED_EDGE('',*,*,#1002,.T.);
#560=ORIENTED_EDGE('',*,*,#1003,.F.);
#561=ORIENTED_EDGE('',*,*,#919,.F.);
#562=ORIENTED_EDGE('',*,*,#1004,.T.);
#563=ORIENTED_EDGE('',*,*,#1005,.T.);
#564=ORIENTED_EDGE('',*,*,#1006,.F.);
#565=ORIENTED_EDGE('',*,*,#989,.T.);
#566=ORIENTED_EDGE('',*,*,#1007,.T.);
#567=ORIENTED_EDGE('',*,*,#1008,.T.);
#568=ORIENTED_EDGE('',*,*,#1009,.F.);
#569=ORIENTED_EDGE('',*,*,#984,.T.);
#570=ORIENTED_EDGE('',*,*,#949,.T.);
#571=ORIENTED_EDGE('',*,*,#1010,.T.);
#572=ORIENTED_EDGE('',*,*,#1011,.T.);
#573=ORIENTED_EDGE('',*,*,#990,.T.);
#574=ORIENTED_EDGE('',*,*,#1012,.T.);
#575=ORIENTED_EDGE('',*,*,#1013,.F.);
#576=ORIENTED_EDGE('',*,*,#1014,.F.);
#577=ORIENTED_EDGE('',*,*,#1015,.T.);
#578=ORIENTED_EDGE('',*,*,#1016,.T.);
#579=ORIENTED_EDGE('',*,*,#1017,.T.);
#580=ORIENTED_EDGE('',*,*,#1018,.T.);
#581=ORIENTED_EDGE('',*,*,#1019,.T.);
#582=ORIENTED_EDGE('',*,*,#1020,.T.);
#583=ORIENTED_EDGE('',*,*,#1015,.F.);
#584=ORIENTED_EDGE('',*,*,#1021,.T.);
#585=ORIENTED_EDGE('',*,*,#1022,.F.);
#586=ORIENTED_EDGE('',*,*,#1014,.T.);
#587=ORIENTED_EDGE('',*,*,#1023,.T.);
#588=ORIENTED_EDGE('',*,*,#1024,.T.);
#589=ORIENTED_EDGE('',*,*,#1019,.F.);
#590=ORIENTED_EDGE('',*,*,#1013,.T.);
#591=ORIENTED_EDGE('',*,*,#1025,.T.);
#592=ORIENTED_EDGE('',*,*,#1022,.T.);
#593=ORIENTED_EDGE('',*,*,#1026,.T.);
#594=ORIENTED_EDGE('',*,*,#1027,.T.);
#595=ORIENTED_EDGE('',*,*,#1028,.T.);
#596=ORIENTED_EDGE('',*,*,#1010,.F.);
#597=ORIENTED_EDGE('',*,*,#1029,.F.);
#598=ORIENTED_EDGE('',*,*,#991,.F.);
#599=ORIENTED_EDGE('',*,*,#1011,.F.);
#600=ORIENTED_EDGE('',*,*,#1028,.F.);
#601=ORIENTED_EDGE('',*,*,#1030,.F.);
#602=ORIENTED_EDGE('',*,*,#1029,.T.);
#603=ORIENTED_EDGE('',*,*,#1031,.F.);
#604=ORIENTED_EDGE('',*,*,#1021,.F.);
#605=ORIENTED_EDGE('',*,*,#1018,.F.);
#606=ORIENTED_EDGE('',*,*,#1032,.F.);
#607=ORIENTED_EDGE('',*,*,#1026,.F.);
#608=ORIENTED_EDGE('',*,*,#1031,.T.);
#609=ORIENTED_EDGE('',*,*,#1027,.F.);
#610=ORIENTED_EDGE('',*,*,#1033,.F.);
#611=ORIENTED_EDGE('',*,*,#971,.F.);
#612=ORIENTED_EDGE('',*,*,#1030,.T.);
#613=ORIENTED_EDGE('',*,*,#974,.F.);
#614=ORIENTED_EDGE('',*,*,#1034,.F.);
#615=ORIENTED_EDGE('',*,*,#992,.F.);
#616=ORIENTED_EDGE('',*,*,#1012,.F.);
#617=ORIENTED_EDGE('',*,*,#993,.F.);
#618=ORIENTED_EDGE('',*,*,#1035,.F.);
#619=ORIENTED_EDGE('',*,*,#1025,.F.);
#620=ORIENTED_EDGE('',*,*,#1033,.T.);
#621=ORIENTED_EDGE('',*,*,#1032,.T.);
#622=ORIENTED_EDGE('',*,*,#1036,.F.);
#623=ORIENTED_EDGE('',*,*,#1035,.T.);
#624=ORIENTED_EDGE('',*,*,#1034,.T.);
#625=ORIENTED_EDGE('',*,*,#1037,.F.);
#626=ORIENTED_EDGE('',*,*,#1036,.T.);
#627=ORIENTED_EDGE('',*,*,#1017,.F.);
#628=ORIENTED_EDGE('',*,*,#1038,.F.);
#629=ORIENTED_EDGE('',*,*,#972,.F.);
#630=ORIENTED_EDGE('',*,*,#1037,.T.);
#631=ORIENTED_EDGE('',*,*,#973,.F.);
#632=ORIENTED_EDGE('',*,*,#1039,.F.);
#633=ORIENTED_EDGE('',*,*,#1023,.F.);
#634=ORIENTED_EDGE('',*,*,#1039,.T.);
#635=ORIENTED_EDGE('',*,*,#1038,.T.);
#636=ORIENTED_EDGE('',*,*,#1040,.F.);
#637=ORIENTED_EDGE('',*,*,#1040,.T.);
#638=ORIENTED_EDGE('',*,*,#1016,.F.);
#639=ORIENTED_EDGE('',*,*,#1020,.F.);
#640=ORIENTED_EDGE('',*,*,#1024,.F.);
#641=ORIENTED_EDGE('',*,*,#944,.F.);
#642=ORIENTED_EDGE('',*,*,#1041,.F.);
#643=ORIENTED_EDGE('',*,*,#1042,.T.);
#644=ORIENTED_EDGE('',*,*,#956,.T.);
#645=ORIENTED_EDGE('',*,*,#975,.T.);
#646=ORIENTED_EDGE('',*,*,#961,.F.);
#647=ORIENTED_EDGE('',*,*,#1043,.T.);
#648=ORIENTED_EDGE('',*,*,#1044,.T.);
#649=ORIENTED_EDGE('',*,*,#942,.T.);
#650=ORIENTED_EDGE('',*,*,#1045,.F.);
#651=ORIENTED_EDGE('',*,*,#1046,.F.);
#652=ORIENTED_EDGE('',*,*,#963,.T.);
#653=ORIENTED_EDGE('',*,*,#976,.F.);
#654=ORIENTED_EDGE('',*,*,#958,.F.);
#655=ORIENTED_EDGE('',*,*,#1047,.F.);
#656=ORIENTED_EDGE('',*,*,#1048,.T.);
#657=ORIENTED_EDGE('',*,*,#970,.T.);
#658=ORIENTED_EDGE('',*,*,#1049,.F.);
#659=ORIENTED_EDGE('',*,*,#943,.F.);
#660=ORIENTED_EDGE('',*,*,#1048,.F.);
#661=ORIENTED_EDGE('',*,*,#1050,.T.);
#662=ORIENTED_EDGE('',*,*,#1041,.T.);
#663=ORIENTED_EDGE('',*,*,#1051,.F.);
#664=ORIENTED_EDGE('',*,*,#1052,.F.);
#665=ORIENTED_EDGE('',*,*,#1050,.F.);
#666=ORIENTED_EDGE('',*,*,#1047,.T.);
#667=ORIENTED_EDGE('',*,*,#957,.F.);
#668=ORIENTED_EDGE('',*,*,#1042,.F.);
#669=ORIENTED_EDGE('',*,*,#941,.T.);
#670=ORIENTED_EDGE('',*,*,#1044,.F.);
#671=ORIENTED_EDGE('',*,*,#1053,.F.);
#672=ORIENTED_EDGE('',*,*,#1045,.T.);
#673=ORIENTED_EDGE('',*,*,#1054,.F.);
#674=ORIENTED_EDGE('',*,*,#1055,.F.);
#675=ORIENTED_EDGE('',*,*,#960,.T.);
#676=ORIENTED_EDGE('',*,*,#1046,.T.);
#677=ORIENTED_EDGE('',*,*,#1053,.T.);
#678=ORIENTED_EDGE('',*,*,#1043,.F.);
#679=ORIENTED_EDGE('',*,*,#969,.T.);
#680=ORIENTED_EDGE('',*,*,#1055,.T.);
#681=ORIENTED_EDGE('',*,*,#967,.T.);
#682=ORIENTED_EDGE('',*,*,#1054,.T.);
#683=ORIENTED_EDGE('',*,*,#968,.T.);
#684=ORIENTED_EDGE('',*,*,#1052,.T.);
#685=ORIENTED_EDGE('',*,*,#966,.T.);
#686=ORIENTED_EDGE('',*,*,#1051,.T.);
#687=ORIENTED_EDGE('',*,*,#953,.F.);
#688=ORIENTED_EDGE('',*,*,#1056,.F.);
#689=ORIENTED_EDGE('',*,*,#1057,.T.);
#690=ORIENTED_EDGE('',*,*,#981,.T.);
#691=ORIENTED_EDGE('',*,*,#952,.T.);
#692=ORIENTED_EDGE('',*,*,#1058,.F.);
#693=ORIENTED_EDGE('',*,*,#1059,.F.);
#694=ORIENTED_EDGE('',*,*,#1056,.T.);
#695=ORIENTED_EDGE('',*,*,#951,.T.);
#696=ORIENTED_EDGE('',*,*,#983,.F.);
#697=ORIENTED_EDGE('',*,*,#1060,.F.);
#698=ORIENTED_EDGE('',*,*,#1058,.T.);
#699=ORIENTED_EDGE('',*,*,#1061,.F.);
#700=ORIENTED_EDGE('',*,*,#1062,.F.);
#701=ORIENTED_EDGE('',*,*,#1063,.F.);
#702=ORIENTED_EDGE('',*,*,#1064,.F.);
#703=ORIENTED_EDGE('',*,*,#1057,.F.);
#704=ORIENTED_EDGE('',*,*,#1059,.T.);
#705=ORIENTED_EDGE('',*,*,#1060,.T.);
#706=ORIENTED_EDGE('',*,*,#982,.T.);
#707=ORIENTED_EDGE('',*,*,#935,.T.);
#708=ORIENTED_EDGE('',*,*,#1065,.F.);
#709=ORIENTED_EDGE('',*,*,#1066,.F.);
#710=ORIENTED_EDGE('',*,*,#1067,.T.);
#711=ORIENTED_EDGE('',*,*,#940,.T.);
#712=ORIENTED_EDGE('',*,*,#1068,.F.);
#713=ORIENTED_EDGE('',*,*,#1069,.F.);
#714=ORIENTED_EDGE('',*,*,#1065,.T.);
#715=ORIENTED_EDGE('',*,*,#939,.F.);
#716=ORIENTED_EDGE('',*,*,#1070,.F.);
#717=ORIENTED_EDGE('',*,*,#1071,.T.);
#718=ORIENTED_EDGE('',*,*,#1068,.T.);
#719=ORIENTED_EDGE('',*,*,#1049,.T.);
#720=ORIENTED_EDGE('',*,*,#1071,.F.);
#721=ORIENTED_EDGE('',*,*,#1072,.F.);
#722=ORIENTED_EDGE('',*,*,#1066,.T.);
#723=ORIENTED_EDGE('',*,*,#1069,.T.);
#724=ORIENTED_EDGE('',*,*,#937,.F.);
#725=ORIENTED_EDGE('',*,*,#925,.F.);
#726=ORIENTED_EDGE('',*,*,#934,.T.);
#727=ORIENTED_EDGE('',*,*,#930,.T.);
#728=ORIENTED_EDGE('',*,*,#932,.T.);
#729=ORIENTED_EDGE('',*,*,#965,.T.);
#730=ORIENTED_EDGE('',*,*,#931,.T.);
#731=ORIENTED_EDGE('',*,*,#964,.T.);
#732=ORIENTED_EDGE('',*,*,#1067,.F.);
#733=ORIENTED_EDGE('',*,*,#1072,.T.);
#734=ORIENTED_EDGE('',*,*,#1070,.T.);
#735=ORIENTED_EDGE('',*,*,#938,.T.);
#736=ORIENTED_EDGE('',*,*,#928,.F.);
#737=ORIENTED_EDGE('',*,*,#933,.F.);
#738=ORIENTED_EDGE('',*,*,#923,.T.);
#739=ORIENTED_EDGE('',*,*,#936,.T.);
#740=ORIENTED_EDGE('',*,*,#1009,.T.);
#741=ORIENTED_EDGE('',*,*,#1073,.T.);
#742=ORIENTED_EDGE('',*,*,#1074,.T.);
#743=ORIENTED_EDGE('',*,*,#985,.T.);
#744=ORIENTED_EDGE('',*,*,#988,.F.);
#745=ORIENTED_EDGE('',*,*,#1075,.T.);
#746=ORIENTED_EDGE('',*,*,#1076,.T.);
#747=ORIENTED_EDGE('',*,*,#1007,.F.);
#748=ORIENTED_EDGE('',*,*,#914,.F.);
#749=ORIENTED_EDGE('',*,*,#1077,.T.);
#750=ORIENTED_EDGE('',*,*,#1078,.T.);
#751=ORIENTED_EDGE('',*,*,#1001,.F.);
#752=ORIENTED_EDGE('',*,*,#1003,.T.);
#753=ORIENTED_EDGE('',*,*,#1079,.T.);
#754=ORIENTED_EDGE('',*,*,#1080,.F.);
#755=ORIENTED_EDGE('',*,*,#920,.T.);
#756=ORIENTED_EDGE('',*,*,#1080,.T.);
#757=ORIENTED_EDGE('',*,*,#1081,.T.);
#758=ORIENTED_EDGE('',*,*,#1082,.T.);
#759=ORIENTED_EDGE('',*,*,#1083,.T.);
#760=ORIENTED_EDGE('',*,*,#912,.F.);
#761=ORIENTED_EDGE('',*,*,#921,.F.);
#762=ORIENTED_EDGE('',*,*,#1084,.T.);
#763=ORIENTED_EDGE('',*,*,#1085,.T.);
#764=ORIENTED_EDGE('',*,*,#978,.T.);
#765=ORIENTED_EDGE('',*,*,#1006,.T.);
#766=ORIENTED_EDGE('',*,*,#1086,.T.);
#767=ORIENTED_EDGE('',*,*,#1087,.T.);
#768=ORIENTED_EDGE('',*,*,#1004,.F.);
#769=ORIENTED_EDGE('',*,*,#918,.F.);
#770=ORIENTED_EDGE('',*,*,#980,.T.);
#771=ORIENTED_EDGE('',*,*,#1088,.T.);
#772=ORIENTED_EDGE('',*,*,#1089,.T.);
#773=ORIENTED_EDGE('',*,*,#1090,.T.);
#774=ORIENTED_EDGE('',*,*,#1086,.F.);
#775=ORIENTED_EDGE('',*,*,#917,.F.);
#776=ORIENTED_EDGE('',*,*,#1000,.T.);
#777=ORIENTED_EDGE('',*,*,#1091,.T.);
#778=ORIENTED_EDGE('',*,*,#1092,.T.);
#779=ORIENTED_EDGE('',*,*,#905,.T.);
#780=ORIENTED_EDGE('',*,*,#1093,.T.);
#781=ORIENTED_EDGE('',*,*,#1094,.T.);
#782=ORIENTED_EDGE('',*,*,#998,.F.);
#783=ORIENTED_EDGE('',*,*,#948,.F.);
#784=ORIENTED_EDGE('',*,*,#907,.F.);
#785=ORIENTED_EDGE('',*,*,#1095,.T.);
#786=ORIENTED_EDGE('',*,*,#1096,.T.);
#787=ORIENTED_EDGE('',*,*,#1097,.T.);
#788=ORIENTED_EDGE('',*,*,#1093,.F.);
#789=ORIENTED_EDGE('',*,*,#947,.T.);
#790=ORIENTED_EDGE('',*,*,#1096,.F.);
#791=ORIENTED_EDGE('',*,*,#1098,.T.);
#792=ORIENTED_EDGE('',*,*,#995,.F.);
#793=ORIENTED_EDGE('',*,*,#1089,.F.);
#794=ORIENTED_EDGE('',*,*,#1099,.T.);
#795=ORIENTED_EDGE('',*,*,#994,.F.);
#796=ORIENTED_EDGE('',*,*,#1082,.F.);
#797=ORIENTED_EDGE('',*,*,#1100,.T.);
#798=ORIENTED_EDGE('',*,*,#997,.F.);
#799=ORIENTED_EDGE('',*,*,#1101,.T.);
#800=ORIENTED_EDGE('',*,*,#1102,.T.);
#801=ORIENTED_EDGE('',*,*,#1103,.T.);
#802=ORIENTED_EDGE('',*,*,#996,.F.);
#803=ORIENTED_EDGE('',*,*,#1104,.F.);
#804=ORIENTED_EDGE('',*,*,#1064,.T.);
#805=ORIENTED_EDGE('',*,*,#1104,.T.);
#806=ORIENTED_EDGE('',*,*,#1105,.F.);
#807=ORIENTED_EDGE('',*,*,#1063,.T.);
#808=ORIENTED_EDGE('',*,*,#1105,.T.);
#809=ORIENTED_EDGE('',*,*,#1106,.F.);
#810=ORIENTED_EDGE('',*,*,#1062,.T.);
#811=ORIENTED_EDGE('',*,*,#1106,.T.);
#812=ORIENTED_EDGE('',*,*,#1107,.F.);
#813=ORIENTED_EDGE('',*,*,#1061,.T.);
#814=ORIENTED_EDGE('',*,*,#1107,.T.);
#815=ORIENTED_EDGE('',*,*,#1074,.F.);
#816=ORIENTED_EDGE('',*,*,#1108,.T.);
#817=ORIENTED_EDGE('',*,*,#1101,.F.);
#818=ORIENTED_EDGE('',*,*,#1103,.F.);
#819=ORIENTED_EDGE('',*,*,#1109,.F.);
#820=ORIENTED_EDGE('',*,*,#1075,.F.);
#821=ORIENTED_EDGE('',*,*,#987,.F.);
#822=ORIENTED_EDGE('',*,*,#986,.F.);
#823=ORIENTED_EDGE('',*,*,#1076,.F.);
#824=ORIENTED_EDGE('',*,*,#1110,.T.);
#825=ORIENTED_EDGE('',*,*,#1073,.F.);
#826=ORIENTED_EDGE('',*,*,#1008,.F.);
#827=ORIENTED_EDGE('',*,*,#1102,.F.);
#828=ORIENTED_EDGE('',*,*,#1108,.F.);
#829=ORIENTED_EDGE('',*,*,#1110,.F.);
#830=ORIENTED_EDGE('',*,*,#1109,.T.);
#831=ORIENTED_EDGE('',*,*,#906,.F.);
#832=ORIENTED_EDGE('',*,*,#1092,.F.);
#833=ORIENTED_EDGE('',*,*,#1111,.F.);
#834=ORIENTED_EDGE('',*,*,#1097,.F.);
#835=ORIENTED_EDGE('',*,*,#1098,.F.);
#836=ORIENTED_EDGE('',*,*,#1095,.F.);
#837=ORIENTED_EDGE('',*,*,#1111,.T.);
#838=ORIENTED_EDGE('',*,*,#1091,.F.);
#839=ORIENTED_EDGE('',*,*,#999,.F.);
#840=ORIENTED_EDGE('',*,*,#1094,.F.);
#841=ORIENTED_EDGE('',*,*,#1002,.F.);
#842=ORIENTED_EDGE('',*,*,#1078,.F.);
#843=ORIENTED_EDGE('',*,*,#1112,.F.);
#844=ORIENTED_EDGE('',*,*,#1079,.F.);
#845=ORIENTED_EDGE('',*,*,#1100,.F.);
#846=ORIENTED_EDGE('',*,*,#1081,.F.);
#847=ORIENTED_EDGE('',*,*,#1112,.T.);
#848=ORIENTED_EDGE('',*,*,#1077,.F.);
#849=ORIENTED_EDGE('',*,*,#913,.F.);
#850=ORIENTED_EDGE('',*,*,#1083,.F.);
#851=ORIENTED_EDGE('',*,*,#1005,.F.);
#852=ORIENTED_EDGE('',*,*,#1087,.F.);
#853=ORIENTED_EDGE('',*,*,#1113,.F.);
#854=ORIENTED_EDGE('',*,*,#1084,.F.);
#855=ORIENTED_EDGE('',*,*,#979,.F.);
#856=ORIENTED_EDGE('',*,*,#1085,.F.);
#857=ORIENTED_EDGE('',*,*,#1113,.T.);
#858=ORIENTED_EDGE('',*,*,#1090,.F.);
#859=ORIENTED_EDGE('',*,*,#1099,.F.);
#860=ORIENTED_EDGE('',*,*,#1088,.F.);
#861=ORIENTED_EDGE('',*,*,#1114,.F.);
#862=ORIENTED_EDGE('',*,*,#1115,.F.);
#863=ORIENTED_EDGE('',*,*,#1116,.T.);
#864=ORIENTED_EDGE('',*,*,#1117,.T.);
#865=ORIENTED_EDGE('',*,*,#1118,.T.);
#866=ORIENTED_EDGE('',*,*,#1117,.F.);
#867=ORIENTED_EDGE('',*,*,#1119,.F.);
#868=ORIENTED_EDGE('',*,*,#1120,.T.);
#869=ORIENTED_EDGE('',*,*,#1121,.T.);
#870=ORIENTED_EDGE('',*,*,#1115,.T.);
#871=ORIENTED_EDGE('',*,*,#1118,.F.);
#872=ORIENTED_EDGE('',*,*,#1116,.F.);
#873=ORIENTED_EDGE('',*,*,#1114,.T.);
#874=ORIENTED_EDGE('',*,*,#1121,.F.);
#875=ORIENTED_EDGE('',*,*,#1122,.F.);
#876=ORIENTED_EDGE('',*,*,#1119,.T.);
#877=ORIENTED_EDGE('',*,*,#1120,.F.);
#878=ORIENTED_EDGE('',*,*,#1122,.T.);
#879=EDGE_CURVE('',#1123,#1123,#1293,.T.);
#880=EDGE_CURVE('',#1124,#1124,#1294,.T.);
#881=EDGE_CURVE('',#1125,#1125,#1295,.T.);
#882=EDGE_CURVE('',#1126,#1126,#1296,.T.);
#883=EDGE_CURVE('',#1127,#1128,#69,.T.);
#884=EDGE_CURVE('',#1127,#1129,#1297,.T.);
#885=EDGE_CURVE('',#1129,#1130,#70,.T.);
#886=EDGE_CURVE('',#1130,#1131,#1298,.T.);
#887=EDGE_CURVE('',#1131,#1132,#71,.T.);
#888=EDGE_CURVE('',#1128,#1132,#72,.T.);
#889=EDGE_CURVE('',#1133,#1134,#73,.T.);
#890=EDGE_CURVE('',#1133,#1127,#74,.F.);
#891=EDGE_CURVE('',#1128,#1134,#75,.T.);
#892=EDGE_CURVE('',#1135,#1135,#1299,.T.);
#893=EDGE_CURVE('',#1136,#1136,#1300,.T.);
#894=EDGE_CURVE('',#1137,#1137,#1301,.T.);
#895=EDGE_CURVE('',#1138,#1138,#1302,.T.);
#896=EDGE_CURVE('',#1139,#1140,#76,.T.);
#897=EDGE_CURVE('',#1139,#1133,#1303,.F.);
#898=EDGE_CURVE('',#1134,#1141,#77,.T.);
#899=EDGE_CURVE('',#1142,#1141,#78,.T.);
#900=EDGE_CURVE('',#1142,#1140,#1304,.F.);
#901=EDGE_CURVE('',#1131,#1142,#79,.T.);
#902=EDGE_CURVE('',#1132,#1141,#80,.T.);
#903=EDGE_CURVE('',#1129,#1139,#81,.T.);
#904=EDGE_CURVE('',#1140,#1130,#82,.F.);
#905=EDGE_CURVE('',#1143,#1144,#83,.T.);
#906=EDGE_CURVE('',#1143,#1145,#1305,.T.);
#907=EDGE_CURVE('',#1145,#1146,#84,.T.);
#908=EDGE_CURVE('',#1146,#1147,#85,.T.);
#909=EDGE_CURVE('',#1148,#1147,#86,.T.);
#910=EDGE_CURVE('',#1149,#1148,#87,.T.);
#911=EDGE_CURVE('',#1150,#1149,#88,.T.);
#912=EDGE_CURVE('',#1150,#1151,#89,.T.);
#913=EDGE_CURVE('',#1151,#1152,#1306,.T.);
#914=EDGE_CURVE('',#1152,#1153,#90,.T.);
#915=EDGE_CURVE('',#1153,#1144,#91,.T.);
#916=EDGE_CURVE('',#1154,#1155,#92,.T.);
#917=EDGE_CURVE('',#1154,#1156,#93,.T.);
#918=EDGE_CURVE('',#1156,#1157,#94,.T.);
#919=EDGE_CURVE('',#1157,#1158,#95,.T.);
#920=EDGE_CURVE('',#1159,#1158,#96,.T.);
#921=EDGE_CURVE('',#1159,#1150,#97,.T.);
#922=EDGE_CURVE('',#1155,#1149,#98,.T.);
#923=EDGE_CURVE('',#1160,#1161,#99,.T.);
#924=EDGE_CURVE('',#1162,#1160,#100,.T.);
#925=EDGE_CURVE('',#1162,#1163,#101,.T.);
#926=EDGE_CURVE('',#1163,#1161,#102,.T.);
#927=EDGE_CURVE('',#1164,#1165,#103,.T.);
#928=EDGE_CURVE('',#1165,#1166,#104,.T.);
#929=EDGE_CURVE('',#1167,#1166,#105,.T.);
#930=EDGE_CURVE('',#1164,#1167,#106,.T.);
#931=EDGE_CURVE('',#1168,#1168,#1307,.T.);
#932=EDGE_CURVE('',#1169,#1169,#1308,.T.);
#933=EDGE_CURVE('',#1160,#1165,#107,.T.);
#934=EDGE_CURVE('',#1162,#1164,#108,.T.);
#935=EDGE_CURVE('',#1170,#1171,#109,.T.);
#936=EDGE_CURVE('',#1161,#1170,#110,.T.);
#937=EDGE_CURVE('',#1163,#1167,#111,.T.);
#938=EDGE_CURVE('',#1172,#1166,#112,.T.);
#939=EDGE_CURVE('',#1172,#1173,#113,.T.);
#940=EDGE_CURVE('',#1171,#1173,#114,.T.);
#941=EDGE_CURVE('',#1174,#1175,#115,.T.);
#942=EDGE_CURVE('',#1176,#1174,#116,.T.);
#943=EDGE_CURVE('',#1176,#1177,#117,.T.);
#944=EDGE_CURVE('',#1177,#1175,#118,.T.);
#945=EDGE_CURVE('',#1178,#1155,#119,.T.);
#946=EDGE_CURVE('',#1148,#1178,#120,.T.);
#947=EDGE_CURVE('',#1179,#1146,#121,.T.);
#948=EDGE_CURVE('',#1179,#1180,#122,.T.);
#949=EDGE_CURVE('',#1181,#1180,#123,.T.);
#950=EDGE_CURVE('',#1181,#1182,#124,.T.);
#951=EDGE_CURVE('',#1183,#1182,#125,.T.);
#952=EDGE_CURVE('',#1184,#1183,#126,.T.);
#953=EDGE_CURVE('',#1184,#1185,#127,.T.);
#954=EDGE_CURVE('',#1185,#1186,#128,.T.);
#955=EDGE_CURVE('',#1186,#1147,#129,.T.);
#956=EDGE_CURVE('',#1187,#1188,#130,.T.);
#957=EDGE_CURVE('',#1187,#1189,#131,.T.);
#958=EDGE_CURVE('',#1189,#1190,#132,.T.);
#959=EDGE_CURVE('',#1188,#1190,#133,.T.);
#960=EDGE_CURVE('',#1191,#1192,#134,.T.);
#961=EDGE_CURVE('',#1191,#1193,#135,.T.);
#962=EDGE_CURVE('',#1193,#1194,#136,.T.);
#963=EDGE_CURVE('',#1192,#1194,#137,.T.);
#964=EDGE_CURVE('',#1195,#1195,#1309,.T.);
#965=EDGE_CURVE('',#1196,#1196,#1310,.T.);
#966=EDGE_CURVE('',#1197,#1197,#1311,.T.);
#967=EDGE_CURVE('',#1198,#1198,#1312,.T.);
#968=EDGE_CURVE('',#1199,#1199,#1313,.T.);
#969=EDGE_CURVE('',#1200,#1200,#1314,.T.);
#970=EDGE_CURVE('',#1201,#1201,#1315,.T.);
#971=EDGE_CURVE('',#1202,#1203,#138,.F.);
#972=EDGE_CURVE('',#1203,#1204,#139,.F.);
#973=EDGE_CURVE('',#1204,#1205,#140,.F.);
#974=EDGE_CURVE('',#1205,#1202,#141,.F.);
#975=EDGE_CURVE('',#1188,#1193,#142,.T.);
#976=EDGE_CURVE('',#1190,#1194,#143,.T.);
#977=EDGE_CURVE('',#1178,#1186,#144,.T.);
#978=EDGE_CURVE('',#1206,#1207,#145,.T.);
#979=EDGE_CURVE('',#1206,#1208,#1316,.F.);
#980=EDGE_CURVE('',#1154,#1208,#146,.T.);
#981=EDGE_CURVE('',#1209,#1185,#147,.T.);
#982=EDGE_CURVE('',#1210,#1209,#148,.T.);
#983=EDGE_CURVE('',#1210,#1182,#149,.T.);
#984=EDGE_CURVE('',#1211,#1181,#150,.T.);
#985=EDGE_CURVE('',#1212,#1211,#151,.T.);
#986=EDGE_CURVE('',#1212,#1213,#1317,.F.);
#987=EDGE_CURVE('',#1213,#1214,#1318,.F.);
#988=EDGE_CURVE('',#1214,#1215,#152,.T.);
#989=EDGE_CURVE('',#1207,#1215,#153,.T.);
#990=EDGE_CURVE('',#1216,#1217,#154,.T.);
#991=EDGE_CURVE('',#1216,#1218,#155,.T.);
#992=EDGE_CURVE('',#1218,#1219,#156,.T.);
#993=EDGE_CURVE('',#1219,#1217,#157,.F.);
#994=EDGE_CURVE('',#1220,#1220,#1319,.T.);
#995=EDGE_CURVE('',#1221,#1221,#1320,.T.);
#996=EDGE_CURVE('',#1222,#1222,#1321,.T.);
#997=EDGE_CURVE('',#1223,#1223,#1322,.T.);
#998=EDGE_CURVE('',#1180,#1224,#158,.T.);
#999=EDGE_CURVE('',#1224,#1225,#1323,.F.);
#1000=EDGE_CURVE('',#1144,#1225,#159,.T.);
#1001=EDGE_CURVE('',#1153,#1226,#160,.T.);
#1002=EDGE_CURVE('',#1226,#1227,#1324,.F.);
#1003=EDGE_CURVE('',#1158,#1227,#161,.T.);
#1004=EDGE_CURVE('',#1157,#1228,#162,.T.);
#1005=EDGE_CURVE('',#1228,#1229,#1325,.F.);
#1006=EDGE_CURVE('',#1207,#1229,#163,.T.);
#1007=EDGE_CURVE('',#1215,#1230,#164,.T.);
#1008=EDGE_CURVE('',#1230,#1231,#1326,.F.);
#1009=EDGE_CURVE('',#1211,#1231,#165,.T.);
#1010=EDGE_CURVE('',#1232,#1233,#166,.T.);
#1011=EDGE_CURVE('',#1233,#1216,#1327,.F.);
#1012=EDGE_CURVE('',#1217,#1234,#1328,.F.);
#1013=EDGE_CURVE('',#1235,#1234,#167,.T.);
#1014=EDGE_CURVE('',#1232,#1235,#168,.T.);
#1015=EDGE_CURVE('',#1236,#1237,#169,.T.);
#1016=EDGE_CURVE('',#1237,#1238,#170,.F.);
#1017=EDGE_CURVE('',#1238,#1239,#171,.T.);
#1018=EDGE_CURVE('',#1239,#1236,#172,.T.);
#1019=EDGE_CURVE('',#1235,#1240,#173,.T.);
#1020=EDGE_CURVE('',#1240,#1237,#1329,.F.);
#1021=EDGE_CURVE('',#1236,#1241,#1330,.F.);
#1022=EDGE_CURVE('',#1232,#1241,#174,.T.);
#1023=EDGE_CURVE('',#1242,#1243,#175,.T.);
#1024=EDGE_CURVE('',#1243,#1240,#176,.T.);
#1025=EDGE_CURVE('',#1234,#1242,#177,.T.);
#1026=EDGE_CURVE('',#1241,#1244,#178,.F.);
#1027=EDGE_CURVE('',#1244,#1245,#179,.T.);
#1028=EDGE_CURVE('',#1245,#1233,#180,.F.);
#1029=EDGE_CURVE('',#1218,#1245,#1331,.T.);
#1030=EDGE_CURVE('',#1218,#1202,#1332,.F.);
#1031=EDGE_CURVE('',#1202,#1245,#1333,.F.);
#1032=EDGE_CURVE('',#1244,#1239,#1334,.T.);
#1033=EDGE_CURVE('',#1203,#1244,#1335,.T.);
#1034=EDGE_CURVE('',#1219,#1205,#1336,.T.);
#1035=EDGE_CURVE('',#1242,#1219,#1337,.T.);
#1036=EDGE_CURVE('',#1203,#1239,#1338,.F.);
#1037=EDGE_CURVE('',#1242,#1205,#1339,.F.);
#1038=EDGE_CURVE('',#1204,#1238,#1340,.T.);
#1039=EDGE_CURVE('',#1243,#1204,#1341,.T.);
#1040=EDGE_CURVE('',#1243,#1238,#1342,.F.);
#1041=EDGE_CURVE('',#1246,#1177,#181,.T.);
#1042=EDGE_CURVE('',#1246,#1187,#182,.T.);
#1043=EDGE_CURVE('',#1191,#1247,#183,.T.);
#1044=EDGE_CURVE('',#1247,#1175,#184,.T.);
#1045=EDGE_CURVE('',#1248,#1174,#185,.T.);
#1046=EDGE_CURVE('',#1192,#1248,#186,.T.);
#1047=EDGE_CURVE('',#1249,#1189,#187,.T.);
#1048=EDGE_CURVE('',#1249,#1176,#188,.T.);
#1049=EDGE_CURVE('',#1250,#1250,#1343,.T.);
#1050=EDGE_CURVE('',#1249,#1246,#189,.T.);
#1051=EDGE_CURVE('',#1251,#1251,#1344,.T.);
#1052=EDGE_CURVE('',#1252,#1252,#1345,.T.);
#1053=EDGE_CURVE('',#1248,#1247,#190,.T.);
#1054=EDGE_CURVE('',#1253,#1253,#1346,.T.);
#1055=EDGE_CURVE('',#1254,#1254,#1347,.T.);
#1056=EDGE_CURVE('',#1255,#1184,#191,.T.);
#1057=EDGE_CURVE('',#1255,#1209,#192,.T.);
#1058=EDGE_CURVE('',#1256,#1183,#193,.T.);
#1059=EDGE_CURVE('',#1255,#1256,#194,.T.);
#1060=EDGE_CURVE('',#1256,#1210,#195,.T.);
#1061=EDGE_CURVE('',#1257,#1257,#1348,.T.);
#1062=EDGE_CURVE('',#1258,#1258,#1349,.T.);
#1063=EDGE_CURVE('',#1259,#1259,#1350,.T.);
#1064=EDGE_CURVE('',#1260,#1260,#1351,.T.);
#1065=EDGE_CURVE('',#1261,#1171,#196,.T.);
#1066=EDGE_CURVE('',#1262,#1261,#197,.T.);
#1067=EDGE_CURVE('',#1262,#1170,#198,.T.);
#1068=EDGE_CURVE('',#1263,#1173,#199,.T.);
#1069=EDGE_CURVE('',#1261,#1263,#200,.T.);
#1070=EDGE_CURVE('',#1264,#1172,#201,.T.);
#1071=EDGE_CURVE('',#1264,#1263,#202,.T.);
#1072=EDGE_CURVE('',#1262,#1264,#203,.T.);
#1073=EDGE_CURVE('',#1231,#1265,#204,.F.);
#1074=EDGE_CURVE('',#1265,#1212,#205,.F.);
#1075=EDGE_CURVE('',#1214,#1266,#206,.T.);
#1076=EDGE_CURVE('',#1266,#1230,#207,.T.);
#1077=EDGE_CURVE('',#1152,#1267,#208,.T.);
#1078=EDGE_CURVE('',#1267,#1226,#209,.T.);
#1079=EDGE_CURVE('',#1227,#1268,#210,.F.);
#1080=EDGE_CURVE('',#1159,#1268,#211,.T.);
#1081=EDGE_CURVE('',#1268,#1269,#212,.F.);
#1082=EDGE_CURVE('',#1269,#1270,#1352,.T.);
#1083=EDGE_CURVE('',#1270,#1151,#213,.F.);
#1084=EDGE_CURVE('',#1229,#1271,#214,.F.);
#1085=EDGE_CURVE('',#1271,#1206,#215,.F.);
#1086=EDGE_CURVE('',#1156,#1272,#216,.T.);
#1087=EDGE_CURVE('',#1272,#1228,#217,.T.);
#1088=EDGE_CURVE('',#1208,#1273,#218,.T.);
#1089=EDGE_CURVE('',#1273,#1274,#1353,.T.);
#1090=EDGE_CURVE('',#1274,#1272,#219,.T.);
#1091=EDGE_CURVE('',#1225,#1275,#220,.F.);
#1092=EDGE_CURVE('',#1275,#1143,#221,.F.);
#1093=EDGE_CURVE('',#1179,#1276,#222,.T.);
#1094=EDGE_CURVE('',#1276,#1224,#223,.T.);
#1095=EDGE_CURVE('',#1145,#1277,#224,.T.);
#1096=EDGE_CURVE('',#1277,#1278,#1354,.T.);
#1097=EDGE_CURVE('',#1278,#1276,#225,.T.);
#1098=EDGE_CURVE('',#1277,#1278,#13,.T.);
#1099=EDGE_CURVE('',#1273,#1274,#14,.T.);
#1100=EDGE_CURVE('',#1269,#1270,#15,.T.);
#1101=EDGE_CURVE('',#1279,#1280,#16,.T.);
#1102=EDGE_CURVE('',#1280,#1281,#1355,.F.);
#1103=EDGE_CURVE('',#1281,#1279,#17,.F.);
#1104=EDGE_CURVE('',#1282,#1282,#1356,.T.);
#1105=EDGE_CURVE('',#1283,#1283,#1357,.T.);
#1106=EDGE_CURVE('',#1284,#1284,#1358,.T.);
#1107=EDGE_CURVE('',#1285,#1285,#1359,.T.);
#1108=EDGE_CURVE('',#1265,#1280,#1360,.F.);
#1109=EDGE_CURVE('',#1266,#1281,#1361,.T.);
#1110=EDGE_CURVE('',#1266,#1265,#1362,.T.);
#1111=EDGE_CURVE('',#1276,#1275,#10,.T.);
#1112=EDGE_CURVE('',#1268,#1267,#11,.T.);
#1113=EDGE_CURVE('',#1271,#1272,#12,.T.);
#1114=EDGE_CURVE('',#1286,#1287,#226,.T.);
#1115=EDGE_CURVE('',#1287,#1286,#1363,.T.);
#1116=EDGE_CURVE('',#1288,#1288,#1364,.T.);
#1117=EDGE_CURVE('',#1289,#1289,#1365,.T.);
#1118=EDGE_CURVE('',#1290,#1290,#1366,.T.);
#1119=EDGE_CURVE('',#1291,#1286,#227,.T.);
#1120=EDGE_CURVE('',#1291,#1292,#1367,.T.);
#1121=EDGE_CURVE('',#1292,#1287,#228,.T.);
#1122=EDGE_CURVE('',#1291,#1292,#229,.T.);
#1123=VERTEX_POINT('',#2606);
#1124=VERTEX_POINT('',#2608);
#1125=VERTEX_POINT('',#2610);
#1126=VERTEX_POINT('',#2612);
#1127=VERTEX_POINT('',#2614);
#1128=VERTEX_POINT('',#2615);
#1129=VERTEX_POINT('',#2617);
#1130=VERTEX_POINT('',#2619);
#1131=VERTEX_POINT('',#2621);
#1132=VERTEX_POINT('',#2623);
#1133=VERTEX_POINT('',#2627);
#1134=VERTEX_POINT('',#2628);
#1135=VERTEX_POINT('',#2633);
#1136=VERTEX_POINT('',#2635);
#1137=VERTEX_POINT('',#2637);
#1138=VERTEX_POINT('',#2639);
#1139=VERTEX_POINT('',#2641);
#1140=VERTEX_POINT('',#2642);
#1141=VERTEX_POINT('',#2645);
#1142=VERTEX_POINT('',#2647);
#1143=VERTEX_POINT('',#2665);
#1144=VERTEX_POINT('',#2666);
#1145=VERTEX_POINT('',#2668);
#1146=VERTEX_POINT('',#2670);
#1147=VERTEX_POINT('',#2672);
#1148=VERTEX_POINT('',#2674);
#1149=VERTEX_POINT('',#2676);
#1150=VERTEX_POINT('',#2678);
#1151=VERTEX_POINT('',#2680);
#1152=VERTEX_POINT('',#2682);
#1153=VERTEX_POINT('',#2684);
#1154=VERTEX_POINT('',#2688);
#1155=VERTEX_POINT('',#2689);
#1156=VERTEX_POINT('',#2691);
#1157=VERTEX_POINT('',#2693);
#1158=VERTEX_POINT('',#2695);
#1159=VERTEX_POINT('',#2697);
#1160=VERTEX_POINT('',#2702);
#1161=VERTEX_POINT('',#2703);
#1162=VERTEX_POINT('',#2705);
#1163=VERTEX_POINT('',#2707);
#1164=VERTEX_POINT('',#2711);
#1165=VERTEX_POINT('',#2712);
#1166=VERTEX_POINT('',#2714);
#1167=VERTEX_POINT('',#2716);
#1168=VERTEX_POINT('',#2720);
#1169=VERTEX_POINT('',#2722);
#1170=VERTEX_POINT('',#2727);
#1171=VERTEX_POINT('',#2728);
#1172=VERTEX_POINT('',#2732);
#1173=VERTEX_POINT('',#2734);
#1174=VERTEX_POINT('',#2737);
#1175=VERTEX_POINT('',#2738);
#1176=VERTEX_POINT('',#2740);
#1177=VERTEX_POINT('',#2742);
#1178=VERTEX_POINT('',#2745);
#1179=VERTEX_POINT('',#2749);
#1180=VERTEX_POINT('',#2751);
#1181=VERTEX_POINT('',#2753);
#1182=VERTEX_POINT('',#2755);
#1183=VERTEX_POINT('',#2757);
#1184=VERTEX_POINT('',#2759);
#1185=VERTEX_POINT('',#2761);
#1186=VERTEX_POINT('',#2763);
#1187=VERTEX_POINT('',#2767);
#1188=VERTEX_POINT('',#2768);
#1189=VERTEX_POINT('',#2770);
#1190=VERTEX_POINT('',#2772);
#1191=VERTEX_POINT('',#2776);
#1192=VERTEX_POINT('',#2777);
#1193=VERTEX_POINT('',#2779);
#1194=VERTEX_POINT('',#2781);
#1195=VERTEX_POINT('',#2785);
#1196=VERTEX_POINT('',#2787);
#1197=VERTEX_POINT('',#2789);
#1198=VERTEX_POINT('',#2791);
#1199=VERTEX_POINT('',#2793);
#1200=VERTEX_POINT('',#2795);
#1201=VERTEX_POINT('',#2797);
#1202=VERTEX_POINT('',#2799);
#1203=VERTEX_POINT('',#2800);
#1204=VERTEX_POINT('',#2802);
#1205=VERTEX_POINT('',#2804);
#1206=VERTEX_POINT('',#2812);
#1207=VERTEX_POINT('',#2813);
#1208=VERTEX_POINT('',#2815);
#1209=VERTEX_POINT('',#2818);
#1210=VERTEX_POINT('',#2820);
#1211=VERTEX_POINT('',#2823);
#1212=VERTEX_POINT('',#2825);
#1213=VERTEX_POINT('',#2827);
#1214=VERTEX_POINT('',#2829);
#1215=VERTEX_POINT('',#2831);
#1216=VERTEX_POINT('',#2835);
#1217=VERTEX_POINT('',#2836);
#1218=VERTEX_POINT('',#2838);
#1219=VERTEX_POINT('',#2840);
#1220=VERTEX_POINT('',#2844);
#1221=VERTEX_POINT('',#2846);
#1222=VERTEX_POINT('',#2848);
#1223=VERTEX_POINT('',#2850);
#1224=VERTEX_POINT('',#2852);
#1225=VERTEX_POINT('',#2854);
#1226=VERTEX_POINT('',#2857);
#1227=VERTEX_POINT('',#2859);
#1228=VERTEX_POINT('',#2862);
#1229=VERTEX_POINT('',#2864);
#1230=VERTEX_POINT('',#2867);
#1231=VERTEX_POINT('',#2869);
#1232=VERTEX_POINT('',#2872);
#1233=VERTEX_POINT('',#2873);
#1234=VERTEX_POINT('',#2876);
#1235=VERTEX_POINT('',#2878);
#1236=VERTEX_POINT('',#2882);
#1237=VERTEX_POINT('',#2883);
#1238=VERTEX_POINT('',#2885);
#1239=VERTEX_POINT('',#2887);
#1240=VERTEX_POINT('',#2891);
#1241=VERTEX_POINT('',#2894);
#1242=VERTEX_POINT('',#2898);
#1243=VERTEX_POINT('',#2899);
#1244=VERTEX_POINT('',#2904);
#1245=VERTEX_POINT('',#2906);
#1246=VERTEX_POINT('',#2934);
#1247=VERTEX_POINT('',#2937);
#1248=VERTEX_POINT('',#2941);
#1249=VERTEX_POINT('',#2944);
#1250=VERTEX_POINT('',#2948);
#1251=VERTEX_POINT('',#2953);
#1252=VERTEX_POINT('',#2955);
#1253=VERTEX_POINT('',#2960);
#1254=VERTEX_POINT('',#2962);
#1255=VERTEX_POINT('',#2969);
#1256=VERTEX_POINT('',#2973);
#1257=VERTEX_POINT('',#2979);
#1258=VERTEX_POINT('',#2981);
#1259=VERTEX_POINT('',#2983);
#1260=VERTEX_POINT('',#2985);
#1261=VERTEX_POINT('',#2988);
#1262=VERTEX_POINT('',#2990);
#1263=VERTEX_POINT('',#2994);
#1264=VERTEX_POINT('',#2998);
#1265=VERTEX_POINT('',#3008);
#1266=VERTEX_POINT('',#3012);
#1267=VERTEX_POINT('',#3016);
#1268=VERTEX_POINT('',#3020);
#1269=VERTEX_POINT('',#3024);
#1270=VERTEX_POINT('',#3026);
#1271=VERTEX_POINT('',#3030);
#1272=VERTEX_POINT('',#3034);
#1273=VERTEX_POINT('',#3038);
#1274=VERTEX_POINT('',#3040);
#1275=VERTEX_POINT('',#3044);
#1276=VERTEX_POINT('',#3048);
#1277=VERTEX_POINT('',#3052);
#1278=VERTEX_POINT('',#3054);
#1279=VERTEX_POINT('',#3085);
#1280=VERTEX_POINT('',#3086);
#1281=VERTEX_POINT('',#3088);
#1282=VERTEX_POINT('',#3095);
#1283=VERTEX_POINT('',#3099);
#1284=VERTEX_POINT('',#3103);
#1285=VERTEX_POINT('',#3107);
#1286=VERTEX_POINT('',#3127);
#1287=VERTEX_POINT('',#3128);
#1288=VERTEX_POINT('',#3132);
#1289=VERTEX_POINT('',#3134);
#1290=VERTEX_POINT('',#3137);
#1291=VERTEX_POINT('',#3140);
#1292=VERTEX_POINT('',#3142);
#1293=CIRCLE('',#1889,1.);
#1294=CIRCLE('',#1890,1.);
#1295=CIRCLE('',#1891,1.);
#1296=CIRCLE('',#1892,1.);
#1297=CIRCLE('',#1893,3.);
#1298=CIRCLE('',#1894,3.);
#1299=CIRCLE('',#1897,1.);
#1300=CIRCLE('',#1898,1.);
#1301=CIRCLE('',#1899,1.);
#1302=CIRCLE('',#1900,1.);
#1303=CIRCLE('',#1901,3.);
#1304=CIRCLE('',#1902,3.);
#1305=CIRCLE('',#1914,2.);
#1306=CIRCLE('',#1915,2.);
#1307=CIRCLE('',#1920,1.5);
#1308=CIRCLE('',#1921,1.5);
#1309=CIRCLE('',#1927,1.5);
#1310=CIRCLE('',#1928,1.5);
#1311=CIRCLE('',#1929,1.5);
#1312=CIRCLE('',#1930,1.5);
#1313=CIRCLE('',#1931,1.5);
#1314=CIRCLE('',#1932,1.5);
#1315=CIRCLE('',#1933,3.75000000000014);
#1316=CIRCLE('',#1936,2.);
#1317=CIRCLE('',#1937,2.);
#1318=CIRCLE('',#1938,2.);
#1319=CIRCLE('',#1941,1.);
#1320=CIRCLE('',#1942,1.);
#1321=CIRCLE('',#1943,1.);
#1322=CIRCLE('',#1944,1.);
#1323=CIRCLE('',#1945,2.);
#1324=CIRCLE('',#1946,2.);
#1325=CIRCLE('',#1947,2.);
#1326=CIRCLE('',#1948,2.);
#1327=CIRCLE('',#1949,3.);
#1328=CIRCLE('',#1950,3.);
#1329=CIRCLE('',#1953,3.);
#1330=CIRCLE('',#1954,3.);
#1331=CIRCLE('',#1958,3.);
#1332=CIRCLE('',#1960,3.);
#1333=CIRCLE('',#1961,3.);
#1334=CIRCLE('',#1963,3.);
#1335=CIRCLE('',#1965,3.);
#1336=CIRCLE('',#1967,3.);
#1337=CIRCLE('',#1969,3.);
#1338=CIRCLE('',#1971,3.);
#1339=CIRCLE('',#1973,3.);
#1340=CIRCLE('',#1975,3.);
#1341=CIRCLE('',#1977,3.);
#1342=CIRCLE('',#1979,3.);
#1343=CIRCLE('',#1984,3.75000000000014);
#1344=CIRCLE('',#1987,1.5);
#1345=CIRCLE('',#1988,1.5);
#1346=CIRCLE('',#1991,1.5);
#1347=CIRCLE('',#1992,1.5);
#1348=CIRCLE('',#2001,1.);
#1349=CIRCLE('',#2002,1.);
#1350=CIRCLE('',#2003,1.);
#1351=CIRCLE('',#2004,1.);
#1352=CIRCLE('',#2018,1.);
#1353=CIRCLE('',#2022,1.);
#1354=CIRCLE('',#2026,1.);
#1355=CIRCLE('',#2031,1.);
#1356=CIRCLE('',#2033,1.);
#1357=CIRCLE('',#2036,1.);
#1358=CIRCLE('',#2039,1.);
#1359=CIRCLE('',#2042,1.);
#1360=CIRCLE('',#2045,2.);
#1361=CIRCLE('',#2046,2.);
#1362=CIRCLE('',#2048,2.);
#1363=CIRCLE('',#2061,3.25);
#1364=CIRCLE('',#2063,5.25);
#1365=CIRCLE('',#2064,5.25);
#1366=CIRCLE('',#2066,3.25);
#1367=CIRCLE('',#2068,3.25);
#1368=EDGE_LOOP('',(#391));
#1369=EDGE_LOOP('',(#392));
#1370=EDGE_LOOP('',(#393));
#1371=EDGE_LOOP('',(#394));
#1372=EDGE_LOOP('',(#395,#396,#397,#398,#399,#400));
#1373=EDGE_LOOP('',(#401,#402,#403,#404));
#1374=EDGE_LOOP('',(#405));
#1375=EDGE_LOOP('',(#406));
#1376=EDGE_LOOP('',(#407));
#1377=EDGE_LOOP('',(#408));
#1378=EDGE_LOOP('',(#409,#410,#411,#412,#413,#414));
#1379=EDGE_LOOP('',(#415,#416,#417,#418));
#1380=EDGE_LOOP('',(#419,#420,#421,#422));
#1381=EDGE_LOOP('',(#423,#424,#425,#426));
#1382=EDGE_LOOP('',(#427,#428,#429,#430));
#1383=EDGE_LOOP('',(#431,#432,#433,#434));
#1384=EDGE_LOOP('',(#435));
#1385=EDGE_LOOP('',(#436));
#1386=EDGE_LOOP('',(#437));
#1387=EDGE_LOOP('',(#438));
#1388=EDGE_LOOP('',(#439));
#1389=EDGE_LOOP('',(#440));
#1390=EDGE_LOOP('',(#441));
#1391=EDGE_LOOP('',(#442));
#1392=EDGE_LOOP('',(#443,#444,#445,#446,#447,#448,#449,#450,#451,#452,#453));
#1393=EDGE_LOOP('',(#454,#455,#456,#457,#458,#459,#460,#461));
#1394=EDGE_LOOP('',(#462,#463,#464,#465));
#1395=EDGE_LOOP('',(#466,#467,#468,#469));
#1396=EDGE_LOOP('',(#470));
#1397=EDGE_LOOP('',(#471));
#1398=EDGE_LOOP('',(#472,#473,#474,#475));
#1399=EDGE_LOOP('',(#476,#477,#478,#479,#480,#481,#482,#483));
#1400=EDGE_LOOP('',(#484,#485,#486,#487));
#1401=EDGE_LOOP('',(#488,#489,#490,#491));
#1402=EDGE_LOOP('',(#492,#493,#494,#495,#496,#497,#498,#499,#500,#501));
#1403=EDGE_LOOP('',(#502,#503,#504,#505));
#1404=EDGE_LOOP('',(#506,#507,#508,#509));
#1405=EDGE_LOOP('',(#510));
#1406=EDGE_LOOP('',(#511));
#1407=EDGE_LOOP('',(#512));
#1408=EDGE_LOOP('',(#513));
#1409=EDGE_LOOP('',(#514));
#1410=EDGE_LOOP('',(#515));
#1411=EDGE_LOOP('',(#516));
#1412=EDGE_LOOP('',(#517,#518,#519,#520));
#1413=EDGE_LOOP('',(#521,#522,#523,#524));
#1414=EDGE_LOOP('',(#525,#526,#527,#528));
#1415=EDGE_LOOP('',(#529,#530,#531,#532,#533,#534,#535,#536,#537,#538,#539,
#540,#541,#542,#543,#544,#545));
#1416=EDGE_LOOP('',(#546,#547,#548,#549));
#1417=EDGE_LOOP('',(#550));
#1418=EDGE_LOOP('',(#551));
#1419=EDGE_LOOP('',(#552));
#1420=EDGE_LOOP('',(#553));
#1421=EDGE_LOOP('',(#554,#555,#556,#557,#558,#559,#560,#561,#562,#563,#564,
#565,#566,#567,#568,#569,#570));
#1422=EDGE_LOOP('',(#571,#572,#573,#574,#575,#576));
#1423=EDGE_LOOP('',(#577,#578,#579,#580));
#1424=EDGE_LOOP('',(#581,#582,#583,#584,#585,#586));
#1425=EDGE_LOOP('',(#587,#588,#589,#590,#591));
#1426=EDGE_LOOP('',(#592,#593,#594,#595,#596));
#1427=EDGE_LOOP('',(#597,#598,#599,#600));
#1428=EDGE_LOOP('',(#601,#602,#603));
#1429=EDGE_LOOP('',(#604,#605,#606,#607));
#1430=EDGE_LOOP('',(#608,#609,#610,#611));
#1431=EDGE_LOOP('',(#612,#613,#614,#615));
#1432=EDGE_LOOP('',(#616,#617,#618,#619));
#1433=EDGE_LOOP('',(#620,#621,#622));
#1434=EDGE_LOOP('',(#623,#624,#625));
#1435=EDGE_LOOP('',(#626,#627,#628,#629));
#1436=EDGE_LOOP('',(#630,#631,#632,#633));
#1437=EDGE_LOOP('',(#634,#635,#636));
#1438=EDGE_LOOP('',(#637,#638,#639,#640));
#1439=EDGE_LOOP('',(#641,#642,#643,#644,#645,#646,#647,#648));
#1440=EDGE_LOOP('',(#649,#650,#651,#652,#653,#654,#655,#656));
#1441=EDGE_LOOP('',(#657));
#1442=EDGE_LOOP('',(#658));
#1443=EDGE_LOOP('',(#659,#660,#661,#662));
#1444=EDGE_LOOP('',(#663));
#1445=EDGE_LOOP('',(#664));
#1446=EDGE_LOOP('',(#665,#666,#667,#668));
#1447=EDGE_LOOP('',(#669,#670,#671,#672));
#1448=EDGE_LOOP('',(#673));
#1449=EDGE_LOOP('',(#674));
#1450=EDGE_LOOP('',(#675,#676,#677,#678));
#1451=EDGE_LOOP('',(#679));
#1452=EDGE_LOOP('',(#680));
#1453=EDGE_LOOP('',(#681));
#1454=EDGE_LOOP('',(#682));
#1455=EDGE_LOOP('',(#683));
#1456=EDGE_LOOP('',(#684));
#1457=EDGE_LOOP('',(#685));
#1458=EDGE_LOOP('',(#686));
#1459=EDGE_LOOP('',(#687,#688,#689,#690));
#1460=EDGE_LOOP('',(#691,#692,#693,#694));
#1461=EDGE_LOOP('',(#695,#696,#697,#698));
#1462=EDGE_LOOP('',(#699));
#1463=EDGE_LOOP('',(#700));
#1464=EDGE_LOOP('',(#701));
#1465=EDGE_LOOP('',(#702));
#1466=EDGE_LOOP('',(#703,#704,#705,#706));
#1467=EDGE_LOOP('',(#707,#708,#709,#710));
#1468=EDGE_LOOP('',(#711,#712,#713,#714));
#1469=EDGE_LOOP('',(#715,#716,#717,#718));
#1470=EDGE_LOOP('',(#719));
#1471=EDGE_LOOP('',(#720,#721,#722,#723));
#1472=EDGE_LOOP('',(#724,#725,#726,#727));
#1473=EDGE_LOOP('',(#728));
#1474=EDGE_LOOP('',(#729));
#1475=EDGE_LOOP('',(#730));
#1476=EDGE_LOOP('',(#731));
#1477=EDGE_LOOP('',(#732,#733,#734,#735,#736,#737,#738,#739));
#1478=EDGE_LOOP('',(#740,#741,#742,#743));
#1479=EDGE_LOOP('',(#744,#745,#746,#747));
#1480=EDGE_LOOP('',(#748,#749,#750,#751));
#1481=EDGE_LOOP('',(#752,#753,#754,#755));
#1482=EDGE_LOOP('',(#756,#757,#758,#759,#760,#761));
#1483=EDGE_LOOP('',(#762,#763,#764,#765));
#1484=EDGE_LOOP('',(#766,#767,#768,#769));
#1485=EDGE_LOOP('',(#770,#771,#772,#773,#774,#775));
#1486=EDGE_LOOP('',(#776,#777,#778,#779));
#1487=EDGE_LOOP('',(#780,#781,#782,#783));
#1488=EDGE_LOOP('',(#784,#785,#786,#787,#788,#789));
#1489=EDGE_LOOP('',(#790,#791));
#1490=EDGE_LOOP('',(#792));
#1491=EDGE_LOOP('',(#793,#794));
#1492=EDGE_LOOP('',(#795));
#1493=EDGE_LOOP('',(#796,#797));
#1494=EDGE_LOOP('',(#798));
#1495=EDGE_LOOP('',(#799,#800,#801));
#1496=EDGE_LOOP('',(#802));
#1497=EDGE_LOOP('',(#803));
#1498=EDGE_LOOP('',(#804));
#1499=EDGE_LOOP('',(#805));
#1500=EDGE_LOOP('',(#806));
#1501=EDGE_LOOP('',(#807));
#1502=EDGE_LOOP('',(#808));
#1503=EDGE_LOOP('',(#809));
#1504=EDGE_LOOP('',(#810));
#1505=EDGE_LOOP('',(#811));
#1506=EDGE_LOOP('',(#812));
#1507=EDGE_LOOP('',(#813));
#1508=EDGE_LOOP('',(#814));
#1509=EDGE_LOOP('',(#815,#816,#817,#818,#819,#820,#821,#822));
#1510=EDGE_LOOP('',(#823,#824,#825,#826));
#1511=EDGE_LOOP('',(#827,#828,#829,#830));
#1512=EDGE_LOOP('',(#831,#832,#833,#834,#835,#836));
#1513=EDGE_LOOP('',(#837,#838,#839,#840));
#1514=EDGE_LOOP('',(#841,#842,#843,#844));
#1515=EDGE_LOOP('',(#845,#846,#847,#848,#849,#850));
#1516=EDGE_LOOP('',(#851,#852,#853,#854));
#1517=EDGE_LOOP('',(#855,#856,#857,#858,#859,#860));
#1518=EDGE_LOOP('',(#861,#862));
#1519=EDGE_LOOP('',(#863));
#1520=EDGE_LOOP('',(#864));
#1521=EDGE_LOOP('',(#865));
#1522=EDGE_LOOP('',(#866));
#1523=EDGE_LOOP('',(#867,#868,#869,#870));
#1524=EDGE_LOOP('',(#871));
#1525=EDGE_LOOP('',(#872));
#1526=EDGE_LOOP('',(#873,#874,#875,#876));
#1527=EDGE_LOOP('',(#877,#878));
#1528=FACE_BOUND('',#1368,.T.);
#1529=FACE_BOUND('',#1369,.T.);
#1530=FACE_BOUND('',#1370,.T.);
#1531=FACE_BOUND('',#1371,.T.);
#1532=FACE_BOUND('',#1372,.T.);
#1533=FACE_BOUND('',#1373,.T.);
#1534=FACE_BOUND('',#1374,.T.);
#1535=FACE_BOUND('',#1375,.T.);
#1536=FACE_BOUND('',#1376,.T.);
#1537=FACE_BOUND('',#1377,.T.);
#1538=FACE_BOUND('',#1378,.T.);
#1539=FACE_BOUND('',#1379,.T.);
#1540=FACE_BOUND('',#1380,.T.);
#1541=FACE_BOUND('',#1381,.T.);
#1542=FACE_BOUND('',#1382,.T.);
#1543=FACE_BOUND('',#1383,.T.);
#1544=FACE_BOUND('',#1384,.T.);
#1545=FACE_BOUND('',#1385,.T.);
#1546=FACE_BOUND('',#1386,.T.);
#1547=FACE_BOUND('',#1387,.T.);
#1548=FACE_BOUND('',#1388,.T.);
#1549=FACE_BOUND('',#1389,.T.);
#1550=FACE_BOUND('',#1390,.T.);
#1551=FACE_BOUND('',#1391,.T.);
#1552=FACE_BOUND('',#1392,.T.);
#1553=FACE_BOUND('',#1393,.T.);
#1554=FACE_BOUND('',#1394,.T.);
#1555=FACE_BOUND('',#1395,.T.);
#1556=FACE_BOUND('',#1396,.T.);
#1557=FACE_BOUND('',#1397,.T.);
#1558=FACE_BOUND('',#1398,.T.);
#1559=FACE_BOUND('',#1399,.T.);
#1560=FACE_BOUND('',#1400,.T.);
#1561=FACE_BOUND('',#1401,.T.);
#1562=FACE_BOUND('',#1402,.T.);
#1563=FACE_BOUND('',#1403,.T.);
#1564=FACE_BOUND('',#1404,.T.);
#1565=FACE_BOUND('',#1405,.T.);
#1566=FACE_BOUND('',#1406,.T.);
#1567=FACE_BOUND('',#1407,.T.);
#1568=FACE_BOUND('',#1408,.T.);
#1569=FACE_BOUND('',#1409,.T.);
#1570=FACE_BOUND('',#1410,.T.);
#1571=FACE_BOUND('',#1411,.T.);
#1572=FACE_BOUND('',#1412,.T.);
#1573=FACE_BOUND('',#1413,.T.);
#1574=FACE_BOUND('',#1414,.T.);
#1575=FACE_BOUND('',#1415,.T.);
#1576=FACE_BOUND('',#1416,.T.);
#1577=FACE_BOUND('',#1417,.T.);
#1578=FACE_BOUND('',#1418,.T.);
#1579=FACE_BOUND('',#1419,.T.);
#1580=FACE_BOUND('',#1420,.T.);
#1581=FACE_BOUND('',#1421,.T.);
#1582=FACE_BOUND('',#1422,.T.);
#1583=FACE_BOUND('',#1423,.T.);
#1584=FACE_BOUND('',#1424,.T.);
#1585=FACE_BOUND('',#1425,.T.);
#1586=FACE_BOUND('',#1426,.T.);
#1587=FACE_BOUND('',#1427,.T.);
#1588=FACE_BOUND('',#1428,.T.);
#1589=FACE_BOUND('',#1429,.T.);
#1590=FACE_BOUND('',#1430,.T.);
#1591=FACE_BOUND('',#1431,.T.);
#1592=FACE_BOUND('',#1432,.T.);
#1593=FACE_BOUND('',#1433,.T.);
#1594=FACE_BOUND('',#1434,.T.);
#1595=FACE_BOUND('',#1435,.T.);
#1596=FACE_BOUND('',#1436,.T.);
#1597=FACE_BOUND('',#1437,.T.);
#1598=FACE_BOUND('',#1438,.T.);
#1599=FACE_BOUND('',#1439,.T.);
#1600=FACE_BOUND('',#1440,.T.);
#1601=FACE_BOUND('',#1441,.T.);
#1602=FACE_BOUND('',#1442,.T.);
#1603=FACE_BOUND('',#1443,.T.);
#1604=FACE_BOUND('',#1444,.T.);
#1605=FACE_BOUND('',#1445,.T.);
#1606=FACE_BOUND('',#1446,.T.);
#1607=FACE_BOUND('',#1447,.T.);
#1608=FACE_BOUND('',#1448,.T.);
#1609=FACE_BOUND('',#1449,.T.);
#1610=FACE_BOUND('',#1450,.T.);
#1611=FACE_BOUND('',#1451,.T.);
#1612=FACE_BOUND('',#1452,.T.);
#1613=FACE_BOUND('',#1453,.T.);
#1614=FACE_BOUND('',#1454,.T.);
#1615=FACE_BOUND('',#1455,.T.);
#1616=FACE_BOUND('',#1456,.T.);
#1617=FACE_BOUND('',#1457,.T.);
#1618=FACE_BOUND('',#1458,.T.);
#1619=FACE_BOUND('',#1459,.T.);
#1620=FACE_BOUND('',#1460,.T.);
#1621=FACE_BOUND('',#1461,.T.);
#1622=FACE_BOUND('',#1462,.T.);
#1623=FACE_BOUND('',#1463,.T.);
#1624=FACE_BOUND('',#1464,.T.);
#1625=FACE_BOUND('',#1465,.T.);
#1626=FACE_BOUND('',#1466,.T.);
#1627=FACE_BOUND('',#1467,.T.);
#1628=FACE_BOUND('',#1468,.T.);
#1629=FACE_BOUND('',#1469,.T.);
#1630=FACE_BOUND('',#1470,.T.);
#1631=FACE_BOUND('',#1471,.T.);
#1632=FACE_BOUND('',#1472,.T.);
#1633=FACE_BOUND('',#1473,.T.);
#1634=FACE_BOUND('',#1474,.T.);
#1635=FACE_BOUND('',#1475,.T.);
#1636=FACE_BOUND('',#1476,.T.);
#1637=FACE_BOUND('',#1477,.T.);
#1638=FACE_BOUND('',#1478,.T.);
#1639=FACE_BOUND('',#1479,.T.);
#1640=FACE_BOUND('',#1480,.T.);
#1641=FACE_BOUND('',#1481,.T.);
#1642=FACE_BOUND('',#1482,.T.);
#1643=FACE_BOUND('',#1483,.T.);
#1644=FACE_BOUND('',#1484,.T.);
#1645=FACE_BOUND('',#1485,.T.);
#1646=FACE_BOUND('',#1486,.T.);
#1647=FACE_BOUND('',#1487,.T.);
#1648=FACE_BOUND('',#1488,.T.);
#1649=FACE_BOUND('',#1489,.T.);
#1650=FACE_BOUND('',#1490,.T.);
#1651=FACE_BOUND('',#1491,.T.);
#1652=FACE_BOUND('',#1492,.T.);
#1653=FACE_BOUND('',#1493,.T.);
#1654=FACE_BOUND('',#1494,.T.);
#1655=FACE_BOUND('',#1495,.T.);
#1656=FACE_BOUND('',#1496,.T.);
#1657=FACE_BOUND('',#1497,.T.);
#1658=FACE_BOUND('',#1498,.T.);
#1659=FACE_BOUND('',#1499,.T.);
#1660=FACE_BOUND('',#1500,.T.);
#1661=FACE_BOUND('',#1501,.T.);
#1662=FACE_BOUND('',#1502,.T.);
#1663=FACE_BOUND('',#1503,.T.);
#1664=FACE_BOUND('',#1504,.T.);
#1665=FACE_BOUND('',#1505,.T.);
#1666=FACE_BOUND('',#1506,.T.);
#1667=FACE_BOUND('',#1507,.T.);
#1668=FACE_BOUND('',#1508,.T.);
#1669=FACE_BOUND('',#1509,.T.);
#1670=FACE_BOUND('',#1510,.T.);
#1671=FACE_BOUND('',#1511,.T.);
#1672=FACE_BOUND('',#1512,.T.);
#1673=FACE_BOUND('',#1513,.T.);
#1674=FACE_BOUND('',#1514,.T.);
#1675=FACE_BOUND('',#1515,.T.);
#1676=FACE_BOUND('',#1516,.T.);
#1677=FACE_BOUND('',#1517,.T.);
#1678=FACE_BOUND('',#1518,.T.);
#1679=FACE_BOUND('',#1519,.T.);
#1680=FACE_BOUND('',#1520,.T.);
#1681=FACE_BOUND('',#1521,.T.);
#1682=FACE_BOUND('',#1522,.T.);
#1683=FACE_BOUND('',#1523,.T.);
#1684=FACE_BOUND('',#1524,.T.);
#1685=FACE_BOUND('',#1525,.T.);
#1686=FACE_BOUND('',#1526,.T.);
#1687=FACE_BOUND('',#1527,.T.);
#1688=PLANE('',#1888);
#1689=PLANE('',#1895);
#1690=PLANE('',#1896);
#1691=PLANE('',#1903);
#1692=PLANE('',#1904);
#1693=PLANE('',#1905);
#1694=PLANE('',#1913);
#1695=PLANE('',#1916);
#1696=PLANE('',#1917);
#1697=PLANE('',#1918);
#1698=PLANE('',#1919);
#1699=PLANE('',#1922);
#1700=PLANE('',#1923);
#1701=PLANE('',#1924);
#1702=PLANE('',#1925);
#1703=PLANE('',#1926);
#1704=PLANE('',#1934);
#1705=PLANE('',#1935);
#1706=PLANE('',#1939);
#1707=PLANE('',#1940);
#1708=PLANE('',#1951);
#1709=PLANE('',#1952);
#1710=PLANE('',#1955);
#1711=PLANE('',#1956);
#1712=PLANE('',#1981);
#1713=PLANE('',#1982);
#1714=PLANE('',#1985);
#1715=PLANE('',#1986);
#1716=PLANE('',#1989);
#1717=PLANE('',#1990);
#1718=PLANE('',#1997);
#1719=PLANE('',#1998);
#1720=PLANE('',#1999);
#1721=PLANE('',#2000);
#1722=PLANE('',#2005);
#1723=PLANE('',#2006);
#1724=PLANE('',#2007);
#1725=PLANE('',#2008);
#1726=PLANE('',#2009);
#1727=PLANE('',#2012);
#1728=PLANE('',#2013);
#1729=PLANE('',#2014);
#1730=PLANE('',#2015);
#1731=PLANE('',#2016);
#1732=PLANE('',#2017);
#1733=PLANE('',#2019);
#1734=PLANE('',#2020);
#1735=PLANE('',#2021);
#1736=PLANE('',#2023);
#1737=PLANE('',#2024);
#1738=PLANE('',#2025);
#1739=PLANE('',#2034);
#1740=PLANE('',#2037);
#1741=PLANE('',#2040);
#1742=PLANE('',#2043);
#1743=PLANE('',#2060);
#1744=PLANE('',#2065);
#1745=PLANE('',#2070);
#1746=PLANE('',#2071);
#1747=ADVANCED_FACE('',(#1528,#1529,#1530,#1531,#1532),#1688,.T.);
#1748=ADVANCED_FACE('',(#1533),#1689,.F.);
#1749=ADVANCED_FACE('',(#1534,#1535,#1536,#1537,#1538),#1690,.F.);
#1750=ADVANCED_FACE('',(#1539),#1691,.T.);
#1751=ADVANCED_FACE('',(#1540),#1692,.T.);
#1752=ADVANCED_FACE('',(#1541),#1693,.F.);
#1753=ADVANCED_FACE('',(#1542),#30,.T.);
#1754=ADVANCED_FACE('',(#1543),#31,.T.);
#1755=ADVANCED_FACE('',(#1544,#1545),#32,.F.);
#1756=ADVANCED_FACE('',(#1546,#1547),#33,.F.);
#1757=ADVANCED_FACE('',(#1548,#1549),#34,.F.);
#1758=ADVANCED_FACE('',(#1550,#1551),#35,.F.);
#1759=ADVANCED_FACE('',(#1552),#1694,.F.);
#1760=ADVANCED_FACE('',(#1553),#1695,.T.);
#1761=ADVANCED_FACE('',(#1554),#1696,.F.);
#1762=ADVANCED_FACE('',(#1555),#1697,.T.);
#1763=ADVANCED_FACE('',(#1556,#1557,#1558),#1698,.T.);
#1764=ADVANCED_FACE('',(#1559,#1560,#1561),#1699,.F.);
#1765=ADVANCED_FACE('',(#1562),#1700,.T.);
#1766=ADVANCED_FACE('',(#1563),#1701,.T.);
#1767=ADVANCED_FACE('',(#1564),#1702,.F.);
#1768=ADVANCED_FACE('',(#1565,#1566,#1567,#1568,#1569,#1570,#1571,#1572,
#1573),#1703,.T.);
#1769=ADVANCED_FACE('',(#1574),#1704,.T.);
#1770=ADVANCED_FACE('',(#1575),#1705,.T.);
#1771=ADVANCED_FACE('',(#1576),#1706,.F.);
#1772=ADVANCED_FACE('',(#1577,#1578,#1579,#1580,#1581,#1582),#1707,.F.);
#1773=ADVANCED_FACE('',(#1583),#1708,.F.);
#1774=ADVANCED_FACE('',(#1584),#1709,.F.);
#1775=ADVANCED_FACE('',(#1585),#1710,.T.);
#1776=ADVANCED_FACE('',(#1586),#1711,.F.);
#1777=ADVANCED_FACE('',(#1587),#36,.T.);
#1778=ADVANCED_FACE('',(#1588),#18,.T.);
#1779=ADVANCED_FACE('',(#1589),#37,.T.);
#1780=ADVANCED_FACE('',(#1590),#38,.T.);
#1781=ADVANCED_FACE('',(#1591),#39,.T.);
#1782=ADVANCED_FACE('',(#1592),#40,.T.);
#1783=ADVANCED_FACE('',(#1593),#19,.T.);
#1784=ADVANCED_FACE('',(#1594),#20,.T.);
#1785=ADVANCED_FACE('',(#1595),#41,.T.);
#1786=ADVANCED_FACE('',(#1596),#42,.T.);
#1787=ADVANCED_FACE('',(#1597),#21,.T.);
#1788=ADVANCED_FACE('',(#1598),#43,.T.);
#1789=ADVANCED_FACE('',(#1599),#1712,.F.);
#1790=ADVANCED_FACE('',(#1600),#1713,.T.);
#1791=ADVANCED_FACE('',(#1601,#1602),#44,.F.);
#1792=ADVANCED_FACE('',(#1603),#1714,.T.);
#1793=ADVANCED_FACE('',(#1604,#1605,#1606),#1715,.T.);
#1794=ADVANCED_FACE('',(#1607),#1716,.F.);
#1795=ADVANCED_FACE('',(#1608,#1609,#1610),#1717,.T.);
#1796=ADVANCED_FACE('',(#1611,#1612),#45,.F.);
#1797=ADVANCED_FACE('',(#1613,#1614),#46,.F.);
#1798=ADVANCED_FACE('',(#1615,#1616),#47,.F.);
#1799=ADVANCED_FACE('',(#1617,#1618),#48,.F.);
#1800=ADVANCED_FACE('',(#1619),#1718,.T.);
#1801=ADVANCED_FACE('',(#1620),#1719,.F.);
#1802=ADVANCED_FACE('',(#1621),#1720,.F.);
#1803=ADVANCED_FACE('',(#1622,#1623,#1624,#1625,#1626),#1721,.T.);
#1804=ADVANCED_FACE('',(#1627),#1722,.F.);
#1805=ADVANCED_FACE('',(#1628),#1723,.F.);
#1806=ADVANCED_FACE('',(#1629),#1724,.T.);
#1807=ADVANCED_FACE('',(#1630,#1631),#1725,.T.);
#1808=ADVANCED_FACE('',(#1632),#1726,.T.);
#1809=ADVANCED_FACE('',(#1633,#1634),#49,.F.);
#1810=ADVANCED_FACE('',(#1635,#1636),#50,.F.);
#1811=ADVANCED_FACE('',(#1637),#1727,.F.);
#1812=ADVANCED_FACE('',(#1638),#1728,.F.);
#1813=ADVANCED_FACE('',(#1639),#1729,.T.);
#1814=ADVANCED_FACE('',(#1640),#1730,.T.);
#1815=ADVANCED_FACE('',(#1641),#1731,.F.);
#1816=ADVANCED_FACE('',(#1642),#1732,.F.);
#1817=ADVANCED_FACE('',(#1643),#1733,.F.);
#1818=ADVANCED_FACE('',(#1644),#1734,.T.);
#1819=ADVANCED_FACE('',(#1645),#1735,.F.);
#1820=ADVANCED_FACE('',(#1646),#1736,.F.);
#1821=ADVANCED_FACE('',(#1647),#1737,.T.);
#1822=ADVANCED_FACE('',(#1648),#1738,.F.);
#1823=ADVANCED_FACE('',(#1649,#1650),#51,.F.);
#1824=ADVANCED_FACE('',(#1651,#1652),#52,.F.);
#1825=ADVANCED_FACE('',(#1653,#1654),#53,.F.);
#1826=ADVANCED_FACE('',(#1655,#1656),#54,.F.);
#1827=ADVANCED_FACE('',(#1657,#1658),#55,.F.);
#1828=ADVANCED_FACE('',(#1659),#1739,.T.);
#1829=ADVANCED_FACE('',(#1660,#1661),#56,.F.);
#1830=ADVANCED_FACE('',(#1662),#1740,.T.);
#1831=ADVANCED_FACE('',(#1663,#1664),#57,.F.);
#1832=ADVANCED_FACE('',(#1665),#1741,.T.);
#1833=ADVANCED_FACE('',(#1666,#1667),#58,.F.);
#1834=ADVANCED_FACE('',(#1668),#1742,.T.);
#1835=ADVANCED_FACE('',(#1669),#59,.T.);
#1836=ADVANCED_FACE('',(#1670),#60,.T.);
#1837=ADVANCED_FACE('',(#1671),#22,.T.);
#1838=ADVANCED_FACE('',(#1672),#61,.T.);
#1839=ADVANCED_FACE('',(#1673),#62,.T.);
#1840=ADVANCED_FACE('',(#1674),#63,.T.);
#1841=ADVANCED_FACE('',(#1675),#64,.T.);
#1842=ADVANCED_FACE('',(#1676),#65,.T.);
#1843=ADVANCED_FACE('',(#1677),#66,.T.);
#1844=ADVANCED_FACE('',(#1678),#1743,.F.);
#1845=ADVANCED_FACE('',(#1679,#1680),#67,.T.);
#1846=ADVANCED_FACE('',(#1681,#1682),#1744,.F.);
#1847=ADVANCED_FACE('',(#1683,#1684),#68,.F.);
#1848=ADVANCED_FACE('',(#1685),#23,.T.);
#1849=ADVANCED_FACE('',(#1686),#1745,.F.);
#1850=ADVANCED_FACE('',(#1687),#1746,.T.);
#1851=CLOSED_SHELL('',(#1747,#1748,#1749,#1750,#1751,#1752,#1753,#1754,
#1755,#1756,#1757,#1758));
#1852=CLOSED_SHELL('',(#1759,#1760,#1761,#1762,#1763,#1764,#1765,#1766,
#1767,#1768,#1769,#1770,#1771,#1772,#1773,#1774,#1775,#1776,#1777,#1778,
#1779,#1780,#1781,#1782,#1783,#1784,#1785,#1786,#1787,#1788,#1789,#1790,
#1791,#1792,#1793,#1794,#1795,#1796,#1797,#1798,#1799,#1800,#1801,#1802,
#1803,#1804,#1805,#1806,#1807,#1808,#1809,#1810,#1811,#1812,#1813,#1814,
#1815,#1816,#1817,#1818,#1819,#1820,#1821,#1822,#1823,#1824,#1825,#1826,
#1827,#1828,#1829,#1830,#1831,#1832,#1833,#1834,#1835,#1836,#1837,#1838,
#1839,#1840,#1841,#1842,#1843));
#1853=CLOSED_SHELL('',(#1844,#1845,#1846,#1847,#1848,#1849,#1850));
#1854=STYLED_ITEM('',(#1857),#1878);
#1855=STYLED_ITEM('',(#1858),#1879);
#1856=STYLED_ITEM('',(#1859),#1880);
#1857=PRESENTATION_STYLE_ASSIGNMENT((#1860));
#1858=PRESENTATION_STYLE_ASSIGNMENT((#1861));
#1859=PRESENTATION_STYLE_ASSIGNMENT((#1862));
#1860=SURFACE_STYLE_USAGE(.BOTH.,#1863);
#1861=SURFACE_STYLE_USAGE(.BOTH.,#1864);
#1862=SURFACE_STYLE_USAGE(.BOTH.,#1865);
#1863=SURFACE_SIDE_STYLE('',(#1866));
#1864=SURFACE_SIDE_STYLE('',(#1867));
#1865=SURFACE_SIDE_STYLE('',(#1868));
#1866=SURFACE_STYLE_FILL_AREA(#1869);
#1867=SURFACE_STYLE_FILL_AREA(#1870);
#1868=SURFACE_STYLE_FILL_AREA(#1871);
#1869=FILL_AREA_STYLE('',(#1872));
#1870=FILL_AREA_STYLE('',(#1873));
#1871=FILL_AREA_STYLE('',(#1874));
#1872=FILL_AREA_STYLE_COLOUR('',#1875);
#1873=FILL_AREA_STYLE_COLOUR('',#1876);
#1874=FILL_AREA_STYLE_COLOUR('',#1877);
#1875=COLOUR_RGB('',0.647058823529412,0.647058823529412,0.647058823529412);
#1876=COLOUR_RGB('',0.615686274509804,0.811764705882353,0.929411764705882);
#1877=COLOUR_RGB('',0.231372549019608,0.380392156862745,0.705882352941177);
#1878=MANIFOLD_SOLID_BREP('Part 2',#1851);
#1879=MANIFOLD_SOLID_BREP('Part 1',#1852);
#1880=MANIFOLD_SOLID_BREP('Part 3',#1853);
#1881=SHAPE_DEFINITION_REPRESENTATION(#3166,#1884);
#1882=SHAPE_DEFINITION_REPRESENTATION(#3167,#1885);
#1883=SHAPE_DEFINITION_REPRESENTATION(#3168,#1886);
#1884=SHAPE_REPRESENTATION('Part 2',(#1887),#3151);
#1885=SHAPE_REPRESENTATION('Part 1',(#1912),#3152);
#1886=SHAPE_REPRESENTATION('Part 3',(#2059),#3153);
#1887=AXIS2_PLACEMENT_3D('',#2603,#2072,#2073);
#1888=AXIS2_PLACEMENT_3D('',#2604,#2074,#2075);
#1889=AXIS2_PLACEMENT_3D('',#2605,#2076,#2077);
#1890=AXIS2_PLACEMENT_3D('',#2607,#2078,#2079);
#1891=AXIS2_PLACEMENT_3D('',#2609,#2080,#2081);
#1892=AXIS2_PLACEMENT_3D('',#2611,#2082,#2083);
#1893=AXIS2_PLACEMENT_3D('',#2616,#2085,#2086);
#1894=AXIS2_PLACEMENT_3D('',#2620,#2088,#2089);
#1895=AXIS2_PLACEMENT_3D('',#2625,#2092,#2093);
#1896=AXIS2_PLACEMENT_3D('',#2631,#2097,#2098);
#1897=AXIS2_PLACEMENT_3D('',#2632,#2099,#2100);
#1898=AXIS2_PLACEMENT_3D('',#2634,#2101,#2102);
#1899=AXIS2_PLACEMENT_3D('',#2636,#2103,#2104);
#1900=AXIS2_PLACEMENT_3D('',#2638,#2105,#2106);
#1901=AXIS2_PLACEMENT_3D('',#2643,#2108,#2109);
#1902=AXIS2_PLACEMENT_3D('',#2648,#2112,#2113);
#1903=AXIS2_PLACEMENT_3D('',#2649,#2114,#2115);
#1904=AXIS2_PLACEMENT_3D('',#2652,#2118,#2119);
#1905=AXIS2_PLACEMENT_3D('',#2655,#2122,#2123);
#1906=AXIS2_PLACEMENT_3D('',#2656,#2124,#2125);
#1907=AXIS2_PLACEMENT_3D('',#2657,#2126,#2127);
#1908=AXIS2_PLACEMENT_3D('',#2658,#2128,#2129);
#1909=AXIS2_PLACEMENT_3D('',#2659,#2130,#2131);
#1910=AXIS2_PLACEMENT_3D('',#2660,#2132,#2133);
#1911=AXIS2_PLACEMENT_3D('',#2661,#2134,#2135);
#1912=AXIS2_PLACEMENT_3D('',#2662,#2136,#2137);
#1913=AXIS2_PLACEMENT_3D('',#2663,#2138,#2139);
#1914=AXIS2_PLACEMENT_3D('',#2667,#2141,#2142);
#1915=AXIS2_PLACEMENT_3D('',#2681,#2149,#2150);
#1916=AXIS2_PLACEMENT_3D('',#2686,#2153,#2154);
#1917=AXIS2_PLACEMENT_3D('',#2700,#2162,#2163);
#1918=AXIS2_PLACEMENT_3D('',#2709,#2168,#2169);
#1919=AXIS2_PLACEMENT_3D('',#2718,#2174,#2175);
#1920=AXIS2_PLACEMENT_3D('',#2719,#2176,#2177);
#1921=AXIS2_PLACEMENT_3D('',#2721,#2178,#2179);
#1922=AXIS2_PLACEMENT_3D('',#2725,#2182,#2183);
#1923=AXIS2_PLACEMENT_3D('',#2747,#2196,#2197);
#1924=AXIS2_PLACEMENT_3D('',#2765,#2207,#2208);
#1925=AXIS2_PLACEMENT_3D('',#2774,#2213,#2214);
#1926=AXIS2_PLACEMENT_3D('',#2783,#2219,#2220);
#1927=AXIS2_PLACEMENT_3D('',#2784,#2221,#2222);
#1928=AXIS2_PLACEMENT_3D('',#2786,#2223,#2224);
#1929=AXIS2_PLACEMENT_3D('',#2788,#2225,#2226);
#1930=AXIS2_PLACEMENT_3D('',#2790,#2227,#2228);
#1931=AXIS2_PLACEMENT_3D('',#2792,#2229,#2230);
#1932=AXIS2_PLACEMENT_3D('',#2794,#2231,#2232);
#1933=AXIS2_PLACEMENT_3D('',#2796,#2233,#2234);
#1934=AXIS2_PLACEMENT_3D('',#2808,#2241,#2242);
#1935=AXIS2_PLACEMENT_3D('',#2810,#2244,#2245);
#1936=AXIS2_PLACEMENT_3D('',#2814,#2247,#2248);
#1937=AXIS2_PLACEMENT_3D('',#2826,#2255,#2256);
#1938=AXIS2_PLACEMENT_3D('',#2828,#2257,#2258);
#1939=AXIS2_PLACEMENT_3D('',#2833,#2261,#2262);
#1940=AXIS2_PLACEMENT_3D('',#2842,#2267,#2268);
#1941=AXIS2_PLACEMENT_3D('',#2843,#2269,#2270);
#1942=AXIS2_PLACEMENT_3D('',#2845,#2271,#2272);
#1943=AXIS2_PLACEMENT_3D('',#2847,#2273,#2274);
#1944=AXIS2_PLACEMENT_3D('',#2849,#2275,#2276);
#1945=AXIS2_PLACEMENT_3D('',#2853,#2278,#2279);
#1946=AXIS2_PLACEMENT_3D('',#2858,#2282,#2283);
#1947=AXIS2_PLACEMENT_3D('',#2863,#2286,#2287);
#1948=AXIS2_PLACEMENT_3D('',#2868,#2290,#2291);
#1949=AXIS2_PLACEMENT_3D('',#2874,#2294,#2295);
#1950=AXIS2_PLACEMENT_3D('',#2875,#2296,#2297);
#1951=AXIS2_PLACEMENT_3D('',#2880,#2300,#2301);
#1952=AXIS2_PLACEMENT_3D('',#2889,#2306,#2307);
#1953=AXIS2_PLACEMENT_3D('',#2892,#2309,#2310);
#1954=AXIS2_PLACEMENT_3D('',#2893,#2311,#2312);
#1955=AXIS2_PLACEMENT_3D('',#2896,#2314,#2315);
#1956=AXIS2_PLACEMENT_3D('',#2902,#2319,#2320);
#1957=AXIS2_PLACEMENT_3D('',#2908,#2324,#2325);
#1958=AXIS2_PLACEMENT_3D('',#2909,#2326,#2327);
#1959=AXIS2_PLACEMENT_3D('',#2910,#2328,#2329);
#1960=AXIS2_PLACEMENT_3D('',#2911,#2330,#2331);
#1961=AXIS2_PLACEMENT_3D('',#2912,#2332,#2333);
#1962=AXIS2_PLACEMENT_3D('',#2913,#2334,#2335);
#1963=AXIS2_PLACEMENT_3D('',#2914,#2336,#2337);
#1964=AXIS2_PLACEMENT_3D('',#2915,#2338,#2339);
#1965=AXIS2_PLACEMENT_3D('',#2916,#2340,#2341);
#1966=AXIS2_PLACEMENT_3D('',#2917,#2342,#2343);
#1967=AXIS2_PLACEMENT_3D('',#2918,#2344,#2345);
#1968=AXIS2_PLACEMENT_3D('',#2919,#2346,#2347);
#1969=AXIS2_PLACEMENT_3D('',#2920,#2348,#2349);
#1970=AXIS2_PLACEMENT_3D('',#2921,#2350,#2351);
#1971=AXIS2_PLACEMENT_3D('',#2922,#2352,#2353);
#1972=AXIS2_PLACEMENT_3D('',#2923,#2354,#2355);
#1973=AXIS2_PLACEMENT_3D('',#2924,#2356,#2357);
#1974=AXIS2_PLACEMENT_3D('',#2925,#2358,#2359);
#1975=AXIS2_PLACEMENT_3D('',#2926,#2360,#2361);
#1976=AXIS2_PLACEMENT_3D('',#2927,#2362,#2363);
#1977=AXIS2_PLACEMENT_3D('',#2928,#2364,#2365);
#1978=AXIS2_PLACEMENT_3D('',#2929,#2366,#2367);
#1979=AXIS2_PLACEMENT_3D('',#2930,#2368,#2369);
#1980=AXIS2_PLACEMENT_3D('',#2931,#2370,#2371);
#1981=AXIS2_PLACEMENT_3D('',#2932,#2372,#2373);
#1982=AXIS2_PLACEMENT_3D('',#2939,#2378,#2379);
#1983=AXIS2_PLACEMENT_3D('',#2946,#2384,#2385);
#1984=AXIS2_PLACEMENT_3D('',#2947,#2386,#2387);
#1985=AXIS2_PLACEMENT_3D('',#2949,#2388,#2389);
#1986=AXIS2_PLACEMENT_3D('',#2951,#2391,#2392);
#1987=AXIS2_PLACEMENT_3D('',#2952,#2393,#2394);
#1988=AXIS2_PLACEMENT_3D('',#2954,#2395,#2396);
#1989=AXIS2_PLACEMENT_3D('',#2956,#2397,#2398);
#1990=AXIS2_PLACEMENT_3D('',#2958,#2400,#2401);
#1991=AXIS2_PLACEMENT_3D('',#2959,#2402,#2403);
#1992=AXIS2_PLACEMENT_3D('',#2961,#2404,#2405);
#1993=AXIS2_PLACEMENT_3D('',#2963,#2406,#2407);
#1994=AXIS2_PLACEMENT_3D('',#2964,#2408,#2409);
#1995=AXIS2_PLACEMENT_3D('',#2965,#2410,#2411);
#1996=AXIS2_PLACEMENT_3D('',#2966,#2412,#2413);
#1997=AXIS2_PLACEMENT_3D('',#2967,#2414,#2415);
#1998=AXIS2_PLACEMENT_3D('',#2971,#2418,#2419);
#1999=AXIS2_PLACEMENT_3D('',#2975,#2422,#2423);
#2000=AXIS2_PLACEMENT_3D('',#2977,#2425,#2426);
#2001=AXIS2_PLACEMENT_3D('',#2978,#2427,#2428);
#2002=AXIS2_PLACEMENT_3D('',#2980,#2429,#2430);
#2003=AXIS2_PLACEMENT_3D('',#2982,#2431,#2432);
#2004=AXIS2_PLACEMENT_3D('',#2984,#2433,#2434);
#2005=AXIS2_PLACEMENT_3D('',#2986,#2435,#2436);
#2006=AXIS2_PLACEMENT_3D('',#2992,#2440,#2441);
#2007=AXIS2_PLACEMENT_3D('',#2996,#2444,#2445);
#2008=AXIS2_PLACEMENT_3D('',#3000,#2448,#2449);
#2009=AXIS2_PLACEMENT_3D('',#3002,#2451,#2452);
#2010=AXIS2_PLACEMENT_3D('',#3003,#2453,#2454);
#2011=AXIS2_PLACEMENT_3D('',#3004,#2455,#2456);
#2012=AXIS2_PLACEMENT_3D('',#3005,#2457,#2458);
#2013=AXIS2_PLACEMENT_3D('',#3006,#2459,#2460);
#2014=AXIS2_PLACEMENT_3D('',#3010,#2463,#2464);
#2015=AXIS2_PLACEMENT_3D('',#3014,#2467,#2468);
#2016=AXIS2_PLACEMENT_3D('',#3018,#2471,#2472);
#2017=AXIS2_PLACEMENT_3D('',#3022,#2475,#2476);
#2018=AXIS2_PLACEMENT_3D('',#3025,#2478,#2479);
#2019=AXIS2_PLACEMENT_3D('',#3028,#2481,#2482);
#2020=AXIS2_PLACEMENT_3D('',#3032,#2485,#2486);
#2021=AXIS2_PLACEMENT_3D('',#3036,#2489,#2490);
#2022=AXIS2_PLACEMENT_3D('',#3039,#2492,#2493);
#2023=AXIS2_PLACEMENT_3D('',#3042,#2495,#2496);
#2024=AXIS2_PLACEMENT_3D('',#3046,#2499,#2500);
#2025=AXIS2_PLACEMENT_3D('',#3050,#2503,#2504);
#2026=AXIS2_PLACEMENT_3D('',#3053,#2506,#2507);
#2027=AXIS2_PLACEMENT_3D('',#3056,#2509,#2510);
#2028=AXIS2_PLACEMENT_3D('',#3064,#2511,#2512);
#2029=AXIS2_PLACEMENT_3D('',#3072,#2513,#2514);
#2030=AXIS2_PLACEMENT_3D('',#3080,#2515,#2516);
#2031=AXIS2_PLACEMENT_3D('',#3087,#2517,#2518);
#2032=AXIS2_PLACEMENT_3D('',#3093,#2519,#2520);
#2033=AXIS2_PLACEMENT_3D('',#3094,#2521,#2522);
#2034=AXIS2_PLACEMENT_3D('',#3096,#2523,#2524);
#2035=AXIS2_PLACEMENT_3D('',#3097,#2525,#2526);
#2036=AXIS2_PLACEMENT_3D('',#3098,#2527,#2528);
#2037=AXIS2_PLACEMENT_3D('',#3100,#2529,#2530);
#2038=AXIS2_PLACEMENT_3D('',#3101,#2531,#2532);
#2039=AXIS2_PLACEMENT_3D('',#3102,#2533,#2534);
#2040=AXIS2_PLACEMENT_3D('',#3104,#2535,#2536);
#2041=AXIS2_PLACEMENT_3D('',#3105,#2537,#2538);
#2042=AXIS2_PLACEMENT_3D('',#3106,#2539,#2540);
#2043=AXIS2_PLACEMENT_3D('',#3108,#2541,#2542);
#2044=AXIS2_PLACEMENT_3D('',#3109,#2543,#2544);
#2045=AXIS2_PLACEMENT_3D('',#3110,#2545,#2546);
#2046=AXIS2_PLACEMENT_3D('',#3111,#2547,#2548);
#2047=AXIS2_PLACEMENT_3D('',#3112,#2549,#2550);
#2048=AXIS2_PLACEMENT_3D('',#3113,#2551,#2552);
#2049=AXIS2_PLACEMENT_3D('',#3114,#2553,#2554);
#2050=AXIS2_PLACEMENT_3D('',#3115,#2555,#2556);
#2051=AXIS2_PLACEMENT_3D('',#3116,#2557,#2558);
#2052=AXIS2_PLACEMENT_3D('',#3117,#2559,#2560);
#2053=AXIS2_PLACEMENT_3D('',#3118,#2561,#2562);
#2054=AXIS2_PLACEMENT_3D('',#3119,#2563,#2564);
#2055=AXIS2_PLACEMENT_3D('',#3120,#2565,#2566);
#2056=AXIS2_PLACEMENT_3D('',#3121,#2567,#2568);
#2057=AXIS2_PLACEMENT_3D('',#3122,#2569,#2570);
#2058=AXIS2_PLACEMENT_3D('',#3123,#2571,#2572);
#2059=AXIS2_PLACEMENT_3D('',#3124,#2573,#2574);
#2060=AXIS2_PLACEMENT_3D('',#3125,#2575,#2576);
#2061=AXIS2_PLACEMENT_3D('',#3129,#2578,#2579);
#2062=AXIS2_PLACEMENT_3D('',#3130,#2580,#2581);
#2063=AXIS2_PLACEMENT_3D('',#3131,#2582,#2583);
#2064=AXIS2_PLACEMENT_3D('',#3133,#2584,#2585);
#2065=AXIS2_PLACEMENT_3D('',#3135,#2586,#2587);
#2066=AXIS2_PLACEMENT_3D('',#3136,#2588,#2589);
#2067=AXIS2_PLACEMENT_3D('',#3138,#2590,#2591);
#2068=AXIS2_PLACEMENT_3D('',#3141,#2593,#2594);
#2069=AXIS2_PLACEMENT_3D('',#3144,#2596,#2597);
#2070=AXIS2_PLACEMENT_3D('',#3145,#2598,#2599);
#2071=AXIS2_PLACEMENT_3D('',#3147,#2601,#2602);
#2072=DIRECTION('',(0.,0.,1.));
#2073=DIRECTION('',(1.,0.,0.));
#2074=DIRECTION('',(1.38777878078145E-16,-1.,0.));
#2075=DIRECTION('',(1.,1.38777878078145E-16,0.));
#2076=DIRECTION('',(1.38777878078145E-16,-1.,0.));
#2077=DIRECTION('',(1.,1.38777878078145E-16,0.));
#2078=DIRECTION('',(1.38777878078145E-16,-1.,0.));
#2079=DIRECTION('',(1.,1.38777878078145E-16,0.));
#2080=DIRECTION('',(1.38777878078145E-16,-1.,0.));
#2081=DIRECTION('',(1.,1.38777878078145E-16,0.));
#2082=DIRECTION('',(1.38777878078145E-16,-1.,0.));
#2083=DIRECTION('',(1.,1.38777878078145E-16,0.));
#2084=DIRECTION('',(0.,0.,-1.));
#2085=DIRECTION('',(1.38777878078145E-16,-1.,0.));
#2086=DIRECTION('',(1.,1.38777878078145E-16,0.));
#2087=DIRECTION('',(-1.,-1.38777878078145E-16,0.));
#2088=DIRECTION('',(1.38777878078145E-16,-1.,0.));
#2089=DIRECTION('',(1.,1.38777878078145E-16,0.));
#2090=DIRECTION('',(0.,0.,-1.));
#2091=DIRECTION('',(-1.,-1.38777878078145E-16,0.));
#2092=DIRECTION('',(-1.,0.,0.));
#2093=DIRECTION('',(0.,0.,1.));
#2094=DIRECTION('',(0.,0.,-1.));
#2095=DIRECTION('',(0.,1.,0.));
#2096=DIRECTION('',(0.,1.,0.));
#2097=DIRECTION('',(1.38777878078145E-16,-1.,0.));
#2098=DIRECTION('',(1.,1.38777878078145E-16,0.));
#2099=DIRECTION('',(-1.38777878078145E-16,1.,0.));
#2100=DIRECTION('',(-1.,-1.38777878078145E-16,0.));
#2101=DIRECTION('',(-1.38777878078145E-16,1.,0.));
#2102=DIRECTION('',(-1.,-1.38777878078145E-16,0.));
#2103=DIRECTION('',(-1.38777878078145E-16,1.,0.));
#2104=DIRECTION('',(-1.,-1.38777878078145E-16,0.));
#2105=DIRECTION('',(-1.38777878078145E-16,1.,0.));
#2106=DIRECTION('',(-1.,-1.38777878078145E-16,0.));
#2107=DIRECTION('',(-1.,-1.38777878078145E-16,0.));
#2108=DIRECTION('',(1.38777878078145E-16,-1.,0.));
#2109=DIRECTION('',(1.,1.38777878078145E-16,0.));
#2110=DIRECTION('',(-1.,-1.38777878078145E-16,0.));
#2111=DIRECTION('',(0.,0.,-1.));
#2112=DIRECTION('',(1.38777878078145E-16,-1.,0.));
#2113=DIRECTION('',(1.,1.38777878078145E-16,0.));
#2114=DIRECTION('',(-1.,0.,0.));
#2115=DIRECTION('',(0.,0.,1.));
#2116=DIRECTION('',(0.,1.,0.));
#2117=DIRECTION('',(0.,1.,0.));
#2118=DIRECTION('',(0.,0.,1.));
#2119=DIRECTION('',(1.,0.,0.));
#2120=DIRECTION('',(0.,1.,0.));
#2121=DIRECTION('',(0.,1.,0.));
#2122=DIRECTION('',(0.,0.,1.));
#2123=DIRECTION('',(1.,0.,0.));
#2124=DIRECTION('',(0.,-1.,0.));
#2125=DIRECTION('',(0.,0.,-1.));
#2126=DIRECTION('',(0.,1.,0.));
#2127=DIRECTION('',(0.,0.,1.));
#2128=DIRECTION('',(-1.38777878078145E-16,1.,0.));
#2129=DIRECTION('',(-1.,-1.38777878078145E-16,0.));
#2130=DIRECTION('',(-1.38777878078145E-16,1.,0.));
#2131=DIRECTION('',(-1.,-1.38777878078145E-16,0.));
#2132=DIRECTION('',(-1.38777878078145E-16,1.,0.));
#2133=DIRECTION('',(-1.,-1.38777878078145E-16,0.));
#2134=DIRECTION('',(-1.38777878078145E-16,1.,0.));
#2135=DIRECTION('',(-1.,-1.38777878078145E-16,0.));
#2136=DIRECTION('',(0.,0.,1.));
#2137=DIRECTION('',(1.,0.,0.));
#2138=DIRECTION('',(1.,0.,0.));
#2139=DIRECTION('',(0.,0.,-1.));
#2140=DIRECTION('',(0.,1.,0.));
#2141=DIRECTION('',(1.,0.,0.));
#2142=DIRECTION('',(0.,0.,-1.));
#2143=DIRECTION('',(0.,0.,-1.));
#2144=DIRECTION('',(0.,-1.,0.));
#2145=DIRECTION('',(0.,0.,-1.));
#2146=DIRECTION('',(0.,-0.707106781186548,-0.707106781186548));
#2147=DIRECTION('',(0.,-1.,0.));
#2148=DIRECTION('',(0.,0.,-1.));
#2149=DIRECTION('',(1.,0.,0.));
#2150=DIRECTION('',(0.,0.,-1.));
#2151=DIRECTION('',(0.,1.,0.));
#2152=DIRECTION('',(0.,0.,-1.));
#2153=DIRECTION('',(0.,0.,-1.));
#2154=DIRECTION('',(-1.,0.,0.));
#2155=DIRECTION('',(0.,-1.,0.));
#2156=DIRECTION('',(1.,0.,0.));
#2157=DIRECTION('',(0.,1.,0.));
#2158=DIRECTION('',(1.,0.,0.));
#2159=DIRECTION('',(0.,1.,0.));
#2160=DIRECTION('',(1.,0.,0.));
#2161=DIRECTION('',(1.,0.,0.));
#2162=DIRECTION('',(-1.,0.,0.));
#2163=DIRECTION('',(0.,0.,1.));
#2164=DIRECTION('',(0.,-0.707106781186548,0.707106781186548));
#2165=DIRECTION('',(0.,-0.707106781186548,-0.707106781186548));
#2166=DIRECTION('',(0.,-0.707106781186548,0.707106781186548));
#2167=DIRECTION('',(0.,-0.707106781186548,-0.707106781186548));
#2168=DIRECTION('',(-1.,0.,0.));
#2169=DIRECTION('',(0.,0.,1.));
#2170=DIRECTION('',(0.,-0.707106781186548,-0.707106781186548));
#2171=DIRECTION('',(0.,-0.707106781186548,0.707106781186548));
#2172=DIRECTION('',(0.,-0.707106781186548,-0.707106781186548));
#2173=DIRECTION('',(0.,-0.707106781186548,0.707106781186548));
#2174=DIRECTION('',(0.,0.707106781186548,-0.707106781186548));
#2175=DIRECTION('',(-1.,0.,0.));
#2176=DIRECTION('',(0.,0.707106781186548,-0.707106781186548));
#2177=DIRECTION('',(0.,0.707106781186548,0.707106781186548));
#2178=DIRECTION('',(0.,0.707106781186548,-0.707106781186548));
#2179=DIRECTION('',(0.,0.707106781186548,0.707106781186548));
#2180=DIRECTION('',(-1.,0.,0.));
#2181=DIRECTION('',(-1.,0.,0.));
#2182=DIRECTION('',(0.,-0.707106781186548,0.707106781186548));
#2183=DIRECTION('',(-1.,0.,0.));
#2184=DIRECTION('',(0.,-0.707106781186548,-0.707106781186548));
#2185=DIRECTION('',(-1.,0.,0.));
#2186=DIRECTION('',(-1.,0.,0.));
#2187=DIRECTION('',(-1.,0.,0.));
#2188=DIRECTION('',(0.,-0.707106781186548,-0.707106781186548));
#2189=DIRECTION('',(-1.,0.,0.));
#2190=DIRECTION('',(-1.,0.,0.));
#2191=DIRECTION('',(6.19544098563145E-17,-0.707106781186548,-0.707106781186548));
#2192=DIRECTION('',(-1.,0.,0.));
#2193=DIRECTION('',(0.,-0.707106781186548,-0.707106781186548));
#2194=DIRECTION('',(0.,0.707106781186548,0.707106781186548));
#2195=DIRECTION('',(-1.,0.,0.));
#2196=DIRECTION('',(0.,0.,1.));
#2197=DIRECTION('',(1.,0.,0.));
#2198=DIRECTION('',(1.,0.,0.));
#2199=DIRECTION('',(0.,1.,0.));
#2200=DIRECTION('',(1.,0.,0.));
#2201=DIRECTION('',(0.,-1.,0.));
#2202=DIRECTION('',(-1.,-3.33600668457079E-16,0.));
#2203=DIRECTION('',(-1.85863229568943E-16,1.,0.));
#2204=DIRECTION('',(-1.,-3.08580618322798E-16,0.));
#2205=DIRECTION('',(0.,-1.,0.));
#2206=DIRECTION('',(1.,0.,0.));
#2207=DIRECTION('',(0.,-0.707106781186548,-0.707106781186548));
#2208=DIRECTION('',(0.,0.707106781186548,-0.707106781186548));
#2209=DIRECTION('',(0.,-0.707106781186548,0.707106781186548));
#2210=DIRECTION('',(1.,0.,0.));
#2211=DIRECTION('',(0.,-0.707106781186548,0.707106781186548));
#2212=DIRECTION('',(1.,0.,0.));
#2213=DIRECTION('',(0.,-0.707106781186548,-0.707106781186548));
#2214=DIRECTION('',(0.,0.707106781186548,-0.707106781186548));
#2215=DIRECTION('',(1.,0.,0.));
#2216=DIRECTION('',(0.,-0.707106781186548,0.707106781186548));
#2217=DIRECTION('',(1.,0.,0.));
#2218=DIRECTION('',(0.,-0.707106781186548,0.707106781186548));
#2219=DIRECTION('',(0.,-0.707106781186548,0.707106781186548));
#2220=DIRECTION('',(-1.,0.,0.));
#2221=DIRECTION('',(0.,-0.707106781186548,0.707106781186548));
#2222=DIRECTION('',(0.,-0.707106781186548,-0.707106781186548));
#2223=DIRECTION('',(0.,-0.707106781186548,0.707106781186548));
#2224=DIRECTION('',(0.,-0.707106781186548,-0.707106781186548));
#2225=DIRECTION('',(0.,-0.707106781186548,0.707106781186548));
#2226=DIRECTION('',(0.,-0.707106781186548,-0.707106781186548));
#2227=DIRECTION('',(0.,-0.707106781186548,0.707106781186548));
#2228=DIRECTION('',(0.,-0.707106781186548,-0.707106781186548));
#2229=DIRECTION('',(0.,-0.707106781186548,0.707106781186548));
#2230=DIRECTION('',(0.,-0.707106781186548,-0.707106781186548));
#2231=DIRECTION('',(0.,-0.707106781186548,0.707106781186548));
#2232=DIRECTION('',(0.,-0.707106781186548,-0.707106781186548));
#2233=DIRECTION('',(0.,-0.707106781186548,0.707106781186548));
#2234=DIRECTION('',(0.,-0.707106781186548,-0.707106781186548));
#2235=DIRECTION('',(0.,0.707106781186548,0.707106781186548));
#2236=DIRECTION('',(-1.,0.,0.));
#2237=DIRECTION('',(0.,-0.707106781186548,-0.707106781186548));
#2238=DIRECTION('',(1.,0.,0.));
#2239=DIRECTION('',(0.,-0.707106781186548,-0.707106781186548));
#2240=DIRECTION('',(6.19544098563145E-17,-0.707106781186548,-0.707106781186548));
#2241=DIRECTION('',(0.,1.,0.));
#2242=DIRECTION('',(0.,0.,1.));
#2243=DIRECTION('',(0.,0.,-1.));
#2244=DIRECTION('',(1.,0.,0.));
#2245=DIRECTION('',(0.,0.,-1.));
#2246=DIRECTION('',(0.,1.,0.));
#2247=DIRECTION('',(1.,0.,0.));
#2248=DIRECTION('',(0.,0.,-1.));
#2249=DIRECTION('',(0.,0.,-1.));
#2250=DIRECTION('',(0.,0.,-1.));
#2251=DIRECTION('',(0.,-1.,0.));
#2252=DIRECTION('',(0.,0.,-1.));
#2253=DIRECTION('',(0.,0.,-1.));
#2254=DIRECTION('',(0.,1.,0.));
#2255=DIRECTION('',(1.,0.,0.));
#2256=DIRECTION('',(0.,0.,-1.));
#2257=DIRECTION('',(1.,0.,0.));
#2258=DIRECTION('',(0.,0.,-1.));
#2259=DIRECTION('',(0.,1.,0.));
#2260=DIRECTION('',(0.,0.,-1.));
#2261=DIRECTION('',(0.,0.,-1.));
#2262=DIRECTION('',(-1.,0.,0.));
#2263=DIRECTION('',(1.,0.,0.));
#2264=DIRECTION('',(0.,-1.,0.));
#2265=DIRECTION('',(1.,0.,0.));
#2266=DIRECTION('',(0.,-1.,0.));
#2267=DIRECTION('',(0.,-1.,0.));
#2268=DIRECTION('',(0.,0.,-1.));
#2269=DIRECTION('',(0.,-1.,0.));
#2270=DIRECTION('',(0.,0.,-1.));
#2271=DIRECTION('',(0.,-1.,0.));
#2272=DIRECTION('',(0.,0.,-1.));
#2273=DIRECTION('',(0.,-1.,0.));
#2274=DIRECTION('',(0.,0.,-1.));
#2275=DIRECTION('',(0.,-1.,0.));
#2276=DIRECTION('',(0.,0.,-1.));
#2277=DIRECTION('',(0.,0.,1.));
#2278=DIRECTION('',(0.,-1.,0.));
#2279=DIRECTION('',(0.,0.,-1.));
#2280=DIRECTION('',(-1.,0.,0.));
#2281=DIRECTION('',(-1.,0.,0.));
#2282=DIRECTION('',(0.,-1.,0.));
#2283=DIRECTION('',(0.,0.,-1.));
#2284=DIRECTION('',(0.,0.,-1.));
#2285=DIRECTION('',(0.,0.,-1.));
#2286=DIRECTION('',(0.,-1.,0.));
#2287=DIRECTION('',(0.,0.,-1.));
#2288=DIRECTION('',(1.,0.,0.));
#2289=DIRECTION('',(1.,0.,0.));
#2290=DIRECTION('',(0.,-1.,0.));
#2291=DIRECTION('',(0.,0.,-1.));
#2292=DIRECTION('',(1.,0.,0.));
#2293=DIRECTION('',(0.,0.,1.));
#2294=DIRECTION('',(0.,-1.,0.));
#2295=DIRECTION('',(0.,0.,-1.));
#2296=DIRECTION('',(0.,-1.,0.));
#2297=DIRECTION('',(0.,0.,-1.));
#2298=DIRECTION('',(0.,0.,1.));
#2299=DIRECTION('',(1.,0.,0.));
#2300=DIRECTION('',(0.,1.,0.));
#2301=DIRECTION('',(0.,0.,1.));
#2302=DIRECTION('',(1.,0.,0.));
#2303=DIRECTION('',(0.,0.,-1.));
#2304=DIRECTION('',(-1.,0.,0.));
#2305=DIRECTION('',(0.,0.,-1.));
#2306=DIRECTION('',(0.,0.,1.));
#2307=DIRECTION('',(1.,0.,0.));
#2308=DIRECTION('',(0.,-1.,0.));
#2309=DIRECTION('',(0.,0.,1.));
#2310=DIRECTION('',(1.,0.,0.));
#2311=DIRECTION('',(0.,0.,1.));
#2312=DIRECTION('',(1.,0.,0.));
#2313=DIRECTION('',(0.,-1.,0.));
#2314=DIRECTION('',(1.,0.,0.));
#2315=DIRECTION('',(0.,0.,-1.));
#2316=DIRECTION('',(0.,-0.707106781186548,-0.707106781186548));
#2317=DIRECTION('',(0.,0.,-1.));
#2318=DIRECTION('',(0.,-1.,0.));
#2319=DIRECTION('',(1.,0.,0.));
#2320=DIRECTION('',(0.,0.,-1.));
#2321=DIRECTION('',(0.,0.,-1.));
#2322=DIRECTION('',(0.,0.707106781186548,0.707106781186548));
#2323=DIRECTION('',(0.,-1.,0.));
#2324=DIRECTION('',(0.,-1.,0.));
#2325=DIRECTION('',(0.,0.,-1.));
#2326=DIRECTION('',(0.,-1.,0.));
#2327=DIRECTION('',(0.,0.,-1.));
#2328=DIRECTION('',(-1.,0.,0.));
#2329=DIRECTION('',(0.,0.,1.));
#2330=DIRECTION('',(-1.,0.,0.));
#2331=DIRECTION('',(0.,0.,1.));
#2332=DIRECTION('',(0.,0.707106781186548,0.707106781186548));
#2333=DIRECTION('',(0.,-0.707106781186548,0.707106781186548));
#2334=DIRECTION('',(0.,0.,-1.));
#2335=DIRECTION('',(-1.,0.,0.));
#2336=DIRECTION('',(0.,-1.15648231731787E-15,1.));
#2337=DIRECTION('',(0.,-1.,-1.15648231731787E-15));
#2338=DIRECTION('',(0.,-0.707106781186548,-0.707106781186548));
#2339=DIRECTION('',(0.,0.707106781186548,-0.707106781186548));
#2340=DIRECTION('',(-1.6355129777956E-15,-0.707106781186548,-0.707106781186548));
#2341=DIRECTION('',(0.,0.707106781186548,-0.707106781186548));
#2342=DIRECTION('',(-1.,0.,0.));
#2343=DIRECTION('',(0.,0.,1.));
#2344=DIRECTION('',(1.,0.,0.));
#2345=DIRECTION('',(0.,0.,-1.));
#2346=DIRECTION('',(0.,1.,0.));
#2347=DIRECTION('',(0.,0.,1.));
#2348=DIRECTION('',(0.,-1.,-1.15648231731787E-15));
#2349=DIRECTION('',(0.,1.15648231731787E-15,-1.));
#2350=DIRECTION('',(-1.,0.,5.78241158658935E-16));
#2351=DIRECTION('',(5.78241158658935E-16,0.,1.));
#2352=DIRECTION('',(-1.,0.,0.));
#2353=DIRECTION('',(0.,0.,1.));
#2354=DIRECTION('',(1.,1.15648231731787E-15,0.));
#2355=DIRECTION('',(-1.15648231731787E-15,1.,0.));
#2356=DIRECTION('',(-8.17756488897799E-16,0.707106781186548,0.707106781186548));
#2357=DIRECTION('',(0.,-0.707106781186548,0.707106781186548));
#2358=DIRECTION('',(1.,0.,0.));
#2359=DIRECTION('',(0.,0.,-1.));
#2360=DIRECTION('',(1.,0.,0.));
#2361=DIRECTION('',(0.,0.,-1.));
#2362=DIRECTION('',(0.,-0.707106781186548,-0.707106781186548));
#2363=DIRECTION('',(0.,0.707106781186548,-0.707106781186548));
#2364=DIRECTION('',(0.,-0.707106781186547,-0.707106781186549));
#2365=DIRECTION('',(0.,0.707106781186549,-0.707106781186547));
#2366=DIRECTION('',(1.,0.,5.78241158658935E-16));
#2367=DIRECTION('',(5.78241158658935E-16,0.,-1.));
#2368=DIRECTION('',(-1.15648231731787E-15,0.,1.));
#2369=DIRECTION('',(1.,0.,1.15648231731787E-15));
#2370=DIRECTION('',(0.,0.,1.));
#2371=DIRECTION('',(1.,0.,0.));
#2372=DIRECTION('',(-1.,0.,0.));
#2373=DIRECTION('',(0.,0.,1.));
#2374=DIRECTION('',(0.,0.707106781186548,-0.707106781186548));
#2375=DIRECTION('',(0.,-0.707106781186548,-0.707106781186548));
#2376=DIRECTION('',(0.,-0.707106781186548,-0.707106781186548));
#2377=DIRECTION('',(0.,0.707106781186548,-0.707106781186548));
#2378=DIRECTION('',(-1.,-4.38083833338106E-17,-4.38083833338106E-17));
#2379=DIRECTION('',(-4.38083833338106E-17,0.,1.));
#2380=DIRECTION('',(0.,0.707106781186548,-0.707106781186548));
#2381=DIRECTION('',(0.,-0.707106781186548,-0.707106781186548));
#2382=DIRECTION('',(0.,-0.707106781186548,-0.707106781186548));
#2383=DIRECTION('',(0.,0.707106781186548,-0.707106781186548));
#2384=DIRECTION('',(0.,-0.707106781186548,0.707106781186548));
#2385=DIRECTION('',(0.,-0.707106781186548,-0.707106781186548));
#2386=DIRECTION('',(0.,-0.707106781186548,0.707106781186548));
#2387=DIRECTION('',(0.,-0.707106781186548,-0.707106781186548));
#2388=DIRECTION('',(0.,-0.707106781186548,-0.707106781186548));
#2389=DIRECTION('',(0.,0.707106781186548,-0.707106781186548));
#2390=DIRECTION('',(-1.,0.,0.));
#2391=DIRECTION('',(0.,0.707106781186548,-0.707106781186548));
#2392=DIRECTION('',(-1.,0.,0.));
#2393=DIRECTION('',(0.,0.707106781186548,-0.707106781186548));
#2394=DIRECTION('',(0.,0.707106781186548,0.707106781186548));
#2395=DIRECTION('',(0.,0.707106781186548,-0.707106781186548));
#2396=DIRECTION('',(0.,0.707106781186548,0.707106781186548));
#2397=DIRECTION('',(0.,-0.707106781186548,-0.707106781186548));
#2398=DIRECTION('',(0.,0.707106781186548,-0.707106781186548));
#2399=DIRECTION('',(-1.,0.,0.));
#2400=DIRECTION('',(0.,0.707106781186548,-0.707106781186548));
#2401=DIRECTION('',(-1.,0.,0.));
#2402=DIRECTION('',(0.,0.707106781186548,-0.707106781186548));
#2403=DIRECTION('',(0.,0.707106781186548,0.707106781186548));
#2404=DIRECTION('',(0.,0.707106781186548,-0.707106781186548));
#2405=DIRECTION('',(0.,0.707106781186548,0.707106781186548));
#2406=DIRECTION('',(0.,0.707106781186548,-0.707106781186548));
#2407=DIRECTION('',(0.,0.707106781186548,0.707106781186548));
#2408=DIRECTION('',(0.,0.707106781186548,-0.707106781186548));
#2409=DIRECTION('',(0.,0.707106781186548,0.707106781186548));
#2410=DIRECTION('',(0.,0.707106781186548,-0.707106781186548));
#2411=DIRECTION('',(0.,0.707106781186548,0.707106781186548));
#2412=DIRECTION('',(0.,0.707106781186548,-0.707106781186548));
#2413=DIRECTION('',(0.,0.707106781186548,0.707106781186548));
#2414=DIRECTION('',(3.08580618322798E-16,-1.,0.));
#2415=DIRECTION('',(1.,3.08580618322798E-16,0.));
#2416=DIRECTION('',(0.,0.,-1.));
#2417=DIRECTION('',(-1.,-3.08580618322798E-16,0.));
#2418=DIRECTION('',(-1.,-1.85863229568943E-16,0.));
#2419=DIRECTION('',(1.85863229568943E-16,-1.,0.));
#2420=DIRECTION('',(0.,0.,-1.));
#2421=DIRECTION('',(-1.85863229568943E-16,1.,0.));
#2422=DIRECTION('',(3.33600668457079E-16,-1.,0.));
#2423=DIRECTION('',(1.,3.33600668457079E-16,0.));
#2424=DIRECTION('',(-1.,-3.33600668457079E-16,0.));
#2425=DIRECTION('',(0.,0.,1.));
#2426=DIRECTION('',(1.,0.,0.));
#2427=DIRECTION('',(0.,0.,1.));
#2428=DIRECTION('',(1.,0.,0.));
#2429=DIRECTION('',(0.,0.,1.));
#2430=DIRECTION('',(1.,0.,0.));
#2431=DIRECTION('',(0.,0.,1.));
#2432=DIRECTION('',(1.,0.,0.));
#2433=DIRECTION('',(0.,0.,1.));
#2434=DIRECTION('',(1.,0.,0.));
#2435=DIRECTION('',(-1.,0.,0.));
#2436=DIRECTION('',(0.,0.,1.));
#2437=DIRECTION('',(0.,-0.707106781186548,0.707106781186548));
#2438=DIRECTION('',(0.,-0.707106781186548,-0.707106781186548));
#2439=DIRECTION('',(0.,-0.707106781186548,0.707106781186548));
#2440=DIRECTION('',(0.,0.707106781186548,0.707106781186548));
#2441=DIRECTION('',(0.,-0.707106781186548,0.707106781186548));
#2442=DIRECTION('',(0.,-0.707106781186548,0.707106781186548));
#2443=DIRECTION('',(-1.,0.,0.));
#2444=DIRECTION('',(-1.,0.,0.));
#2445=DIRECTION('',(0.,0.,1.));
#2446=DIRECTION('',(0.,-0.707106781186548,0.707106781186548));
#2447=DIRECTION('',(0.,-0.707106781186548,-0.707106781186548));
#2448=DIRECTION('',(0.,0.707106781186548,-0.707106781186548));
#2449=DIRECTION('',(-1.,0.,0.));
#2450=DIRECTION('',(-1.,0.,0.));
#2451=DIRECTION('',(0.,0.707106781186548,0.707106781186548));
#2452=DIRECTION('',(0.,-0.707106781186548,0.707106781186548));
#2453=DIRECTION('',(0.,-0.707106781186548,0.707106781186548));
#2454=DIRECTION('',(0.,-0.707106781186548,-0.707106781186548));
#2455=DIRECTION('',(0.,-0.707106781186548,0.707106781186548));
#2456=DIRECTION('',(0.,-0.707106781186548,-0.707106781186548));
#2457=DIRECTION('',(0.,0.707106781186548,0.707106781186548));
#2458=DIRECTION('',(0.,-0.707106781186548,0.707106781186548));
#2459=DIRECTION('',(0.,0.,1.));
#2460=DIRECTION('',(1.,0.,0.));
#2461=DIRECTION('',(0.,1.,0.));
#2462=DIRECTION('',(1.,0.,0.));
#2463=DIRECTION('',(0.,0.,1.));
#2464=DIRECTION('',(1.,0.,0.));
#2465=DIRECTION('',(1.,0.,0.));
#2466=DIRECTION('',(0.,1.,0.));
#2467=DIRECTION('',(0.,0.,-1.));
#2468=DIRECTION('',(-1.,0.,0.));
#2469=DIRECTION('',(-1.,0.,0.));
#2470=DIRECTION('',(0.,1.,0.));
#2471=DIRECTION('',(1.,0.,0.));
#2472=DIRECTION('',(0.,0.,-1.));
#2473=DIRECTION('',(0.,1.,0.));
#2474=DIRECTION('',(0.,0.,-1.));
#2475=DIRECTION('',(0.,1.,0.));
#2476=DIRECTION('',(-1.,0.,0.));
#2477=DIRECTION('',(-1.,0.,0.));
#2478=DIRECTION('',(0.,1.,0.));
#2479=DIRECTION('',(0.,0.,1.));
#2480=DIRECTION('',(-1.,0.,0.));
#2481=DIRECTION('',(0.,0.,1.));
#2482=DIRECTION('',(1.,0.,0.));
#2483=DIRECTION('',(0.,1.,0.));
#2484=DIRECTION('',(1.,0.,0.));
#2485=DIRECTION('',(1.,0.,0.));
#2486=DIRECTION('',(0.,0.,-1.));
#2487=DIRECTION('',(0.,0.,-1.));
#2488=DIRECTION('',(0.,1.,0.));
#2489=DIRECTION('',(0.,1.,0.));
#2490=DIRECTION('',(-1.,0.,0.));
#2491=DIRECTION('',(1.,0.,0.));
#2492=DIRECTION('',(0.,1.,0.));
#2493=DIRECTION('',(0.,0.,1.));
#2494=DIRECTION('',(1.,0.,0.));
#2495=DIRECTION('',(0.,0.,-1.));
#2496=DIRECTION('',(-1.,0.,0.));
#2497=DIRECTION('',(0.,1.,0.));
#2498=DIRECTION('',(-1.,0.,0.));
#2499=DIRECTION('',(-1.,0.,0.));
#2500=DIRECTION('',(0.,0.,1.));
#2501=DIRECTION('',(0.,0.,1.));
#2502=DIRECTION('',(0.,1.,0.));
#2503=DIRECTION('',(0.,1.,0.));
#2504=DIRECTION('',(-1.,0.,0.));
#2505=DIRECTION('',(-1.,0.,0.));
#2506=DIRECTION('',(0.,1.,0.));
#2507=DIRECTION('',(0.,0.,1.));
#2508=DIRECTION('',(-1.,0.,0.));
#2509=DIRECTION('',(-1.38777878078145E-16,1.,0.));
#2510=DIRECTION('',(-1.,-1.38777878078145E-16,0.));
#2511=DIRECTION('',(-1.38777878078145E-16,1.,0.));
#2512=DIRECTION('',(-1.,-1.38777878078145E-16,0.));
#2513=DIRECTION('',(-1.38777878078145E-16,1.,0.));
#2514=DIRECTION('',(-1.,-1.38777878078145E-16,0.));
#2515=DIRECTION('',(-1.38777878078145E-16,1.,0.));
#2516=DIRECTION('',(-1.,-1.38777878078145E-16,0.));
#2517=DIRECTION('',(0.,1.,0.));
#2518=DIRECTION('',(0.,0.,1.));
#2519=DIRECTION('',(0.,0.,1.));
#2520=DIRECTION('',(1.,0.,0.));
#2521=DIRECTION('',(0.,0.,1.));
#2522=DIRECTION('',(1.,0.,0.));
#2523=DIRECTION('',(0.,0.,1.));
#2524=DIRECTION('',(1.,0.,0.));
#2525=DIRECTION('',(0.,0.,1.));
#2526=DIRECTION('',(1.,0.,0.));
#2527=DIRECTION('',(0.,0.,1.));
#2528=DIRECTION('',(1.,0.,0.));
#2529=DIRECTION('',(0.,0.,1.));
#2530=DIRECTION('',(1.,0.,0.));
#2531=DIRECTION('',(0.,0.,1.));
#2532=DIRECTION('',(1.,0.,0.));
#2533=DIRECTION('',(0.,0.,1.));
#2534=DIRECTION('',(1.,0.,0.));
#2535=DIRECTION('',(0.,0.,1.));
#2536=DIRECTION('',(1.,0.,0.));
#2537=DIRECTION('',(0.,0.,1.));
#2538=DIRECTION('',(1.,0.,0.));
#2539=DIRECTION('',(0.,0.,1.));
#2540=DIRECTION('',(1.,0.,0.));
#2541=DIRECTION('',(0.,0.,1.));
#2542=DIRECTION('',(1.,0.,0.));
#2543=DIRECTION('',(1.,0.,0.));
#2544=DIRECTION('',(0.,0.,-1.));
#2545=DIRECTION('',(1.,0.,0.));
#2546=DIRECTION('',(0.,0.,-1.));
#2547=DIRECTION('',(1.,0.,0.));
#2548=DIRECTION('',(0.,0.,-1.));
#2549=DIRECTION('',(0.,1.,0.));
#2550=DIRECTION('',(0.,0.,1.));
#2551=DIRECTION('',(0.,1.,0.));
#2552=DIRECTION('',(0.,0.,1.));
#2553=DIRECTION('',(0.,1.,0.));
#2554=DIRECTION('',(0.,0.,1.));
#2555=DIRECTION('',(-1.,0.,0.));
#2556=DIRECTION('',(0.,0.,1.));
#2557=DIRECTION('',(-0.707106781186548,0.707106781186548,0.));
#2558=DIRECTION('',(-0.707106781186548,-0.707106781186548,0.));
#2559=DIRECTION('',(0.,-1.,0.));
#2560=DIRECTION('',(0.,0.,-1.));
#2561=DIRECTION('',(0.,-1.,0.));
#2562=DIRECTION('',(0.,0.,-1.));
#2563=DIRECTION('',(0.707106781186548,-0.707106781186548,0.));
#2564=DIRECTION('',(-0.707106781186548,-0.707106781186548,0.));
#2565=DIRECTION('',(1.,0.,0.));
#2566=DIRECTION('',(0.,0.,-1.));
#2567=DIRECTION('',(0.,-1.,0.));
#2568=DIRECTION('',(0.,0.,-1.));
#2569=DIRECTION('',(-0.707106781186548,-0.707106781186548,0.));
#2570=DIRECTION('',(0.707106781186548,-0.707106781186548,0.));
#2571=DIRECTION('',(1.,0.,0.));
#2572=DIRECTION('',(0.,0.,-1.));
#2573=DIRECTION('',(0.,0.,1.));
#2574=DIRECTION('',(1.,0.,0.));
#2575=DIRECTION('',(0.,0.,1.));
#2576=DIRECTION('',(1.,0.,0.));
#2577=DIRECTION('',(0.,1.,0.));
#2578=DIRECTION('',(0.,0.,1.));
#2579=DIRECTION('',(1.,0.,0.));
#2580=DIRECTION('',(0.,0.,-1.));
#2581=DIRECTION('',(-1.,0.,0.));
#2582=DIRECTION('',(0.,0.,-1.));
#2583=DIRECTION('',(-1.,0.,0.));
#2584=DIRECTION('',(0.,0.,1.));
#2585=DIRECTION('',(1.,0.,0.));
#2586=DIRECTION('',(0.,0.,1.));
#2587=DIRECTION('',(1.,0.,0.));
#2588=DIRECTION('',(0.,0.,1.));
#2589=DIRECTION('',(1.,0.,0.));
#2590=DIRECTION('',(0.,0.,-1.));
#2591=DIRECTION('',(-1.,0.,0.));
#2592=DIRECTION('',(0.,0.,1.));
#2593=DIRECTION('',(0.,0.,1.));
#2594=DIRECTION('',(1.,0.,0.));
#2595=DIRECTION('',(0.,0.,1.));
#2596=DIRECTION('',(0.,0.,1.));
#2597=DIRECTION('',(1.,0.,0.));
#2598=DIRECTION('',(1.,0.,0.));
#2599=DIRECTION('',(0.,0.,-1.));
#2600=DIRECTION('',(0.,1.,0.));
#2601=DIRECTION('',(0.,0.,-1.));
#2602=DIRECTION('',(1.,0.,0.));
#2603=CARTESIAN_POINT('',(0.,0.,0.));
#2604=CARTESIAN_POINT('',(0.,35.,60.));
#2605=CARTESIAN_POINT('',(-45.,35.,53.75736));
#2606=CARTESIAN_POINT('',(-44.,35.,53.75736));
#2607=CARTESIAN_POINT('',(45.,35.,5.));
#2608=CARTESIAN_POINT('',(46.,35.,5.));
#2609=CARTESIAN_POINT('',(-45.,35.,27.));
#2610=CARTESIAN_POINT('',(-44.,35.,27.));
#2611=CARTESIAN_POINT('',(45.,35.,53.75736));
#2612=CARTESIAN_POINT('',(46.,35.,53.75736));
#2613=CARTESIAN_POINT('',(50.,35.,60.));
#2614=CARTESIAN_POINT('',(50.,35.,57.));
#2615=CARTESIAN_POINT('',(50.,35.,0.));
#2616=CARTESIAN_POINT('',(47.,35.,57.));
#2617=CARTESIAN_POINT('',(47.,35.,60.));
#2618=CARTESIAN_POINT('',(0.,35.,60.));
#2619=CARTESIAN_POINT('',(-47.,35.,60.));
#2620=CARTESIAN_POINT('',(-47.,35.,57.));
#2621=CARTESIAN_POINT('',(-50.,35.,57.));
#2622=CARTESIAN_POINT('',(-50.,35.,60.));
#2623=CARTESIAN_POINT('',(-50.,35.,0.));
#2624=CARTESIAN_POINT('',(0.,35.,0.));
#2625=CARTESIAN_POINT('',(50.,36.5,60.));
#2626=CARTESIAN_POINT('',(50.,38.,60.));
#2627=CARTESIAN_POINT('',(50.,38.,57.));
#2628=CARTESIAN_POINT('',(50.,38.,0.));
#2629=CARTESIAN_POINT('',(50.,35.,57.));
#2630=CARTESIAN_POINT('',(50.,36.5,0.));
#2631=CARTESIAN_POINT('',(0.,38.,60.));
#2632=CARTESIAN_POINT('',(-45.,38.,53.75736));
#2633=CARTESIAN_POINT('',(-46.,38.,53.75736));
#2634=CARTESIAN_POINT('',(45.,38.,5.));
#2635=CARTESIAN_POINT('',(44.,38.,5.));
#2636=CARTESIAN_POINT('',(-45.,38.,27.));
#2637=CARTESIAN_POINT('',(-46.,38.,27.));
#2638=CARTESIAN_POINT('',(45.,38.,53.75736));
#2639=CARTESIAN_POINT('',(44.,38.,53.75736));
#2640=CARTESIAN_POINT('',(0.,38.,60.));
#2641=CARTESIAN_POINT('',(47.,38.,60.));
#2642=CARTESIAN_POINT('',(-47.,38.,60.));
#2643=CARTESIAN_POINT('',(47.,38.,57.));
#2644=CARTESIAN_POINT('',(0.,38.,0.));
#2645=CARTESIAN_POINT('',(-50.,38.,0.));
#2646=CARTESIAN_POINT('',(-50.,38.,60.));
#2647=CARTESIAN_POINT('',(-50.,38.,57.));
#2648=CARTESIAN_POINT('',(-47.,38.,57.));
#2649=CARTESIAN_POINT('',(-50.,36.5,60.));
#2650=CARTESIAN_POINT('',(-50.,36.5,57.));
#2651=CARTESIAN_POINT('',(-50.,36.5,0.));
#2652=CARTESIAN_POINT('',(0.,36.5,60.));
#2653=CARTESIAN_POINT('',(47.,38.,60.));
#2654=CARTESIAN_POINT('',(-47.,36.5,60.));
#2655=CARTESIAN_POINT('',(0.,36.5,0.));
#2656=CARTESIAN_POINT('',(47.,36.5,57.));
#2657=CARTESIAN_POINT('',(-47.,36.5,57.));
#2658=CARTESIAN_POINT('',(45.,34.,53.75736));
#2659=CARTESIAN_POINT('',(-45.,34.,27.));
#2660=CARTESIAN_POINT('',(45.,34.,5.));
#2661=CARTESIAN_POINT('',(-45.,34.,53.75736));
#2662=CARTESIAN_POINT('',(0.,0.,0.));
#2663=CARTESIAN_POINT('',(47.,0.,60.));
#2664=CARTESIAN_POINT('',(47.,21.,7.));
#2665=CARTESIAN_POINT('',(47.,23.,7.));
#2666=CARTESIAN_POINT('',(47.,27.,7.));
#2667=CARTESIAN_POINT('',(47.,23.,5.));
#2668=CARTESIAN_POINT('',(47.,21.,5.));
#2669=CARTESIAN_POINT('',(47.,21.,60.));
#2670=CARTESIAN_POINT('',(47.,21.,3.));
#2671=CARTESIAN_POINT('',(47.,0.,3.));
#2672=CARTESIAN_POINT('',(47.,-27.,3.));
#2673=CARTESIAN_POINT('',(47.,-27.,60.));
#2674=CARTESIAN_POINT('',(47.,-27.,13.7573593128807));
#2675=CARTESIAN_POINT('',(47.,9.62132034355964,50.3786796564404));
#2676=CARTESIAN_POINT('',(47.,15.,55.7573593128807));
#2677=CARTESIAN_POINT('',(47.,27.,55.7573593128807));
#2678=CARTESIAN_POINT('',(47.,21.,55.7573593128807));
#2679=CARTESIAN_POINT('',(47.,21.,60.));
#2680=CARTESIAN_POINT('',(47.,21.,53.7573593128807));
#2681=CARTESIAN_POINT('',(47.,23.,53.7573593128807));
#2682=CARTESIAN_POINT('',(47.,23.,51.7573593128807));
#2683=CARTESIAN_POINT('',(47.,21.,51.7573593128807));
#2684=CARTESIAN_POINT('',(47.,27.,51.7573593128807));
#2685=CARTESIAN_POINT('',(47.,27.,60.));
#2686=CARTESIAN_POINT('',(0.,27.,55.7573593128807));
#2687=CARTESIAN_POINT('',(-47.,27.,55.7573593128807));
#2688=CARTESIAN_POINT('',(-47.,21.,55.7573593128807));
#2689=CARTESIAN_POINT('',(-47.,15.,55.7573593128807));
#2690=CARTESIAN_POINT('',(0.,21.,55.7573593128807));
#2691=CARTESIAN_POINT('',(-43.,21.,55.7573593128807));
#2692=CARTESIAN_POINT('',(-43.,21.,55.7573593128807));
#2693=CARTESIAN_POINT('',(-43.,27.,55.7573593128807));
#2694=CARTESIAN_POINT('',(0.,27.,55.7573593128807));
#2695=CARTESIAN_POINT('',(43.,27.,55.7573593128807));
#2696=CARTESIAN_POINT('',(43.,21.,55.7573593128807));
#2697=CARTESIAN_POINT('',(43.,21.,55.7573593128807));
#2698=CARTESIAN_POINT('',(0.,21.,55.7573593128807));
#2699=CARTESIAN_POINT('',(0.,15.,55.7573593128807));
#2700=CARTESIAN_POINT('',(38.5,4.61073413660056,36.8828120752428));
#2701=CARTESIAN_POINT('',(38.5,3.28490892187568,35.5569868605179));
#2702=CARTESIAN_POINT('',(38.5,3.28490892187568,35.5569868605179));
#2703=CARTESIAN_POINT('',(38.5,-0.957731765243599,39.7996275476371));
#2704=CARTESIAN_POINT('',(38.5,4.61073413660056,36.8828120752428));
#2705=CARTESIAN_POINT('',(38.5,6.46688943721535,38.7389673758575));
#2706=CARTESIAN_POINT('',(38.5,6.46688943721535,38.7389673758575));
#2707=CARTESIAN_POINT('',(38.5,2.22424875009607,42.9816080629768));
#2708=CARTESIAN_POINT('',(38.5,0.36809344948128,41.125452762362));
#2709=CARTESIAN_POINT('',(9.42427406877099,4.61073413660057,36.8828120752428));
#2710=CARTESIAN_POINT('',(9.42427406877099,4.61073413660057,36.8828120752428));
#2711=CARTESIAN_POINT('',(9.42427406877099,6.46688943721536,38.7389673758575));
#2712=CARTESIAN_POINT('',(9.42427406877099,3.28490892187568,35.5569868605179));
#2713=CARTESIAN_POINT('',(9.42427406877099,3.28490892187568,35.5569868605179));
#2714=CARTESIAN_POINT('',(9.42427406877099,-0.957731765243603,39.7996275476371));
#2715=CARTESIAN_POINT('',(9.42427406877099,0.368093449481282,41.125452762362));
#2716=CARTESIAN_POINT('',(9.42427406877099,2.22424875009607,42.9816080629768));
#2717=CARTESIAN_POINT('',(9.42427406877099,6.46688943721536,38.7389673758575));
#2718=CARTESIAN_POINT('',(0.,-1.75735931288072,30.5147186257614));
#2719=CARTESIAN_POINT('',(17.5,4.52234578895218,36.7944237275943));
#2720=CARTESIAN_POINT('',(17.5,5.583005960732,37.8550838993742));
#2721=CARTESIAN_POINT('',(32.,4.52234578895219,36.7944237275943));
#2722=CARTESIAN_POINT('',(32.,5.58300596073201,37.8550838993742));
#2723=CARTESIAN_POINT('',(23.9621370343856,3.28490892187568,35.5569868605179));
#2724=CARTESIAN_POINT('',(23.9621370343856,6.46688943721535,38.7389673758575));
#2725=CARTESIAN_POINT('',(0.,17.1213203435596,57.8786796564404));
#2726=CARTESIAN_POINT('',(34.5,-5.37714914765952,35.3802101652212));
#2727=CARTESIAN_POINT('',(34.5,-0.957731765243599,39.7996275476372));
#2728=CARTESIAN_POINT('',(34.5,-9.26623644418553,31.4911228686952));
#2729=CARTESIAN_POINT('',(23.9621370343856,-0.957731765243599,39.7996275476372));
#2730=CARTESIAN_POINT('',(23.9621370343856,2.22424875009607,42.9816080629768));
#2731=CARTESIAN_POINT('',(23.9621370343856,-0.957731765243599,39.7996275476372));
#2732=CARTESIAN_POINT('',(19.5,-0.957731765243598,39.7996275476372));
#2733=CARTESIAN_POINT('',(19.5,-5.37714914765952,35.3802101652212));
#2734=CARTESIAN_POINT('',(19.5,-9.26623644418553,31.4911228686952));
#2735=CARTESIAN_POINT('',(27.,-9.26623644418553,31.4911228686952));
#2736=CARTESIAN_POINT('',(-14.5,-17.4014999617367,23.3558593511441));
#2737=CARTESIAN_POINT('',(-2.,-17.4014999617367,23.3558593511441));
#2738=CARTESIAN_POINT('',(-27.,-17.4014999617367,23.3558593511441));
#2739=CARTESIAN_POINT('',(-2.,17.1213203435596,57.8786796564404));
#2740=CARTESIAN_POINT('',(-2.,3.10459669267322,43.861956005554));
#2741=CARTESIAN_POINT('',(-14.5,3.10459669267322,43.861956005554));
#2742=CARTESIAN_POINT('',(-27.,3.10459669267324,43.861956005554));
#2743=CARTESIAN_POINT('',(-27.,17.1213203435596,57.8786796564404));
#2744=CARTESIAN_POINT('',(-47.,17.1213203435596,57.8786796564404));
#2745=CARTESIAN_POINT('',(-47.,-27.,13.7573593128807));
#2746=CARTESIAN_POINT('',(0.,-27.,13.7573593128807));
#2747=CARTESIAN_POINT('',(0.,0.,3.));
#2748=CARTESIAN_POINT('',(0.,21.,3.));
#2749=CARTESIAN_POINT('',(43.,21.,3.));
#2750=CARTESIAN_POINT('',(43.,21.,3.));
#2751=CARTESIAN_POINT('',(43.,27.,3.));
#2752=CARTESIAN_POINT('',(0.,27.,3.));
#2753=CARTESIAN_POINT('',(-47.,27.,3.));
#2754=CARTESIAN_POINT('',(-47.,0.,3.));
#2755=CARTESIAN_POINT('',(-47.,25.,3.));
#2756=CARTESIAN_POINT('',(-21.,25.,3.));
#2757=CARTESIAN_POINT('',(5.,25.,3.));
#2758=CARTESIAN_POINT('',(5.,11.,3.));
#2759=CARTESIAN_POINT('',(5.,-3.,3.));
#2760=CARTESIAN_POINT('',(-21.,-3.,3.));
#2761=CARTESIAN_POINT('',(-47.,-3.,3.));
#2762=CARTESIAN_POINT('',(-47.,0.,3.));
#2763=CARTESIAN_POINT('',(-47.,-27.,3.));
#2764=CARTESIAN_POINT('',(0.,-27.,3.));
#2765=CARTESIAN_POINT('',(-14.5,0.629722958520312,39.2657619278414));
#2766=CARTESIAN_POINT('',(-27.,0.629722958520312,39.2657619278414));
#2767=CARTESIAN_POINT('',(-27.,-1.49159738503933,41.3870822714011));
#2768=CARTESIAN_POINT('',(-27.,-2.55225755681915,42.4477424431809));
#2769=CARTESIAN_POINT('',(0.,-1.49159738503933,41.3870822714011));
#2770=CARTESIAN_POINT('',(-2.,-1.49159738503933,41.3870822714011));
#2771=CARTESIAN_POINT('',(-2.,0.629722958520315,39.2657619278414));
#2772=CARTESIAN_POINT('',(-2.,-2.55225755681915,42.4477424431809));
#2773=CARTESIAN_POINT('',(-14.5,-2.55225755681915,42.4477424431809));
#2774=CARTESIAN_POINT('',(-14.5,-9.26977197809136,29.3662669912297));
#2775=CARTESIAN_POINT('',(0.,-11.391092321651,31.4875873347894));
#2776=CARTESIAN_POINT('',(-27.,-11.391092321651,31.4875873347894));
#2777=CARTESIAN_POINT('',(-2.,-11.391092321651,31.4875873347894));
#2778=CARTESIAN_POINT('',(-27.,-9.26977197809136,29.3662669912297));
#2779=CARTESIAN_POINT('',(-27.,-12.4517524934308,32.5482475065692));
#2780=CARTESIAN_POINT('',(-14.5,-12.4517524934308,32.5482475065692));
#2781=CARTESIAN_POINT('',(-2.,-12.4517524934308,32.5482475065692));
#2782=CARTESIAN_POINT('',(-2.,-9.26977197809136,29.3662669912297));
#2783=CARTESIAN_POINT('',(0.,15.,60.));
#2784=CARTESIAN_POINT('',(17.5,-1.84161524172674,43.1583847582733));
#2785=CARTESIAN_POINT('',(17.5,-2.90227541350656,42.0977245864934));
#2786=CARTESIAN_POINT('',(32.,-1.84161524172674,43.1583847582733));
#2787=CARTESIAN_POINT('',(32.,-2.90227541350656,42.0977245864934));
#2788=CARTESIAN_POINT('',(-4.,-0.430937213259506,44.5690627867405));
#2789=CARTESIAN_POINT('',(-4.,-1.49159738503933,43.5084026149607));
#2790=CARTESIAN_POINT('',(-25.,-17.4014999617367,27.5985000382634));
#2791=CARTESIAN_POINT('',(-25.,-18.4621601335165,26.5378398664835));
#2792=CARTESIAN_POINT('',(-25.,-0.430937213259506,44.5690627867405));
#2793=CARTESIAN_POINT('',(-25.,-1.49159738503933,43.5084026149607));
#2794=CARTESIAN_POINT('',(-4.,-17.4014999617367,27.5985000382634));
#2795=CARTESIAN_POINT('',(-4.,-18.4621601335165,26.5378398664835));
#2796=CARTESIAN_POINT('',(27.,-7.49846949121905,37.5015305087809));
#2797=CARTESIAN_POINT('',(27.,-10.1501199206687,34.8498800793313));
#2798=CARTESIAN_POINT('',(-47.,-30.,15.));
#2799=CARTESIAN_POINT('',(-47.,14.1213203435596,59.1213203435596));
#2800=CARTESIAN_POINT('',(-47.,-29.1213203435596,15.8786796564404));
#2801=CARTESIAN_POINT('',(50.,-29.1213203435596,15.8786796564404));
#2802=CARTESIAN_POINT('',(47.,-29.1213203435596,15.8786796564404));
#2803=CARTESIAN_POINT('',(47.,15.,60.));
#2804=CARTESIAN_POINT('',(47.,14.1213203435596,59.1213203435596));
#2805=CARTESIAN_POINT('',(-50.,14.1213203435596,59.1213203435596));
#2806=CARTESIAN_POINT('',(-27.,-7.50200502512499,37.497994974875));
#2807=CARTESIAN_POINT('',(-2.,-7.50200502512499,37.497994974875));
#2808=CARTESIAN_POINT('',(0.,-27.,60.));
#2809=CARTESIAN_POINT('',(-47.,-27.,60.));
#2810=CARTESIAN_POINT('',(-47.,0.,60.));
#2811=CARTESIAN_POINT('',(-47.,21.,51.7573593128807));
#2812=CARTESIAN_POINT('',(-47.,23.,51.7573593128807));
#2813=CARTESIAN_POINT('',(-47.,27.,51.7573593128807));
#2814=CARTESIAN_POINT('',(-47.,23.,53.7573593128807));
#2815=CARTESIAN_POINT('',(-47.,21.,53.7573593128807));
#2816=CARTESIAN_POINT('',(-47.,21.,60.));
#2817=CARTESIAN_POINT('',(-47.,-3.,5.5));
#2818=CARTESIAN_POINT('',(-47.,-3.,5.5));
#2819=CARTESIAN_POINT('',(-47.,0.,5.5));
#2820=CARTESIAN_POINT('',(-47.,25.,5.5));
#2821=CARTESIAN_POINT('',(-47.,25.,5.5));
#2822=CARTESIAN_POINT('',(-47.,27.,60.));
#2823=CARTESIAN_POINT('',(-47.,27.,25.));
#2824=CARTESIAN_POINT('',(-47.,21.,25.));
#2825=CARTESIAN_POINT('',(-47.,23.,25.));
#2826=CARTESIAN_POINT('',(-47.,23.,27.));
#2827=CARTESIAN_POINT('',(-47.,21.,27.));
#2828=CARTESIAN_POINT('',(-47.,23.,27.));
#2829=CARTESIAN_POINT('',(-47.,23.,29.));
#2830=CARTESIAN_POINT('',(-47.,21.,29.));
#2831=CARTESIAN_POINT('',(-47.,27.,29.));
#2832=CARTESIAN_POINT('',(-47.,27.,60.));
#2833=CARTESIAN_POINT('',(50.,27.,60.));
#2834=CARTESIAN_POINT('',(50.,27.,60.));
#2835=CARTESIAN_POINT('',(-47.,27.,60.));
#2836=CARTESIAN_POINT('',(47.,27.,60.));
#2837=CARTESIAN_POINT('',(-47.,27.,60.));
#2838=CARTESIAN_POINT('',(-47.,16.2426406871193,60.));
#2839=CARTESIAN_POINT('',(50.,16.2426406871193,60.));
#2840=CARTESIAN_POINT('',(47.,16.2426406871193,60.));
#2841=CARTESIAN_POINT('',(47.,27.,60.));
#2842=CARTESIAN_POINT('',(50.,27.,-10.2));
#2843=CARTESIAN_POINT('',(-45.,27.,53.75736));
#2844=CARTESIAN_POINT('',(-45.,27.,52.75736));
#2845=CARTESIAN_POINT('',(45.,27.,5.));
#2846=CARTESIAN_POINT('',(45.,27.,4.));
#2847=CARTESIAN_POINT('',(-45.,27.,27.));
#2848=CARTESIAN_POINT('',(-45.,27.,26.));
#2849=CARTESIAN_POINT('',(45.,27.,53.75736));
#2850=CARTESIAN_POINT('',(45.,27.,52.75736));
#2851=CARTESIAN_POINT('',(43.,27.,5.));
#2852=CARTESIAN_POINT('',(43.,27.,5.));
#2853=CARTESIAN_POINT('',(45.,27.,5.));
#2854=CARTESIAN_POINT('',(45.,27.,7.));
#2855=CARTESIAN_POINT('',(45.,27.,7.));
#2856=CARTESIAN_POINT('',(45.,27.,51.7573593128807));
#2857=CARTESIAN_POINT('',(45.,27.,51.7573593128807));
#2858=CARTESIAN_POINT('',(45.,27.,53.7573593128807));
#2859=CARTESIAN_POINT('',(43.,27.,53.7573593128807));
#2860=CARTESIAN_POINT('',(43.,27.,53.7573593128807));
#2861=CARTESIAN_POINT('',(-43.,27.,53.7573593128807));
#2862=CARTESIAN_POINT('',(-43.,27.,53.7573593128807));
#2863=CARTESIAN_POINT('',(-45.,27.,53.7573593128807));
#2864=CARTESIAN_POINT('',(-45.,27.,51.7573593128807));
#2865=CARTESIAN_POINT('',(-45.,27.,51.7573593128807));
#2866=CARTESIAN_POINT('',(-45.,27.,29.));
#2867=CARTESIAN_POINT('',(-45.,27.,29.));
#2868=CARTESIAN_POINT('',(-45.,27.,27.));
#2869=CARTESIAN_POINT('',(-45.,27.,25.));
#2870=CARTESIAN_POINT('',(-45.,27.,25.));
#2871=CARTESIAN_POINT('',(-50.,27.,-10.2));
#2872=CARTESIAN_POINT('',(-50.,27.,0.));
#2873=CARTESIAN_POINT('',(-50.,27.,57.));
#2874=CARTESIAN_POINT('',(-47.,27.,57.));
#2875=CARTESIAN_POINT('',(47.,27.,57.));
#2876=CARTESIAN_POINT('',(50.,27.,57.));
#2877=CARTESIAN_POINT('',(50.,27.,-10.2));
#2878=CARTESIAN_POINT('',(50.,27.,0.));
#2879=CARTESIAN_POINT('',(0.,27.,0.));
#2880=CARTESIAN_POINT('',(0.,-30.,60.));
#2881=CARTESIAN_POINT('',(0.,-30.,0.));
#2882=CARTESIAN_POINT('',(-47.,-30.,0.));
#2883=CARTESIAN_POINT('',(47.,-30.,0.));
#2884=CARTESIAN_POINT('',(47.,-30.,15.));
#2885=CARTESIAN_POINT('',(47.,-30.,13.7573593128807));
#2886=CARTESIAN_POINT('',(-50.,-30.,13.7573593128807));
#2887=CARTESIAN_POINT('',(-47.,-30.,13.7573593128807));
#2888=CARTESIAN_POINT('',(-47.,-30.,60.));
#2889=CARTESIAN_POINT('',(0.,0.,0.));
#2890=CARTESIAN_POINT('',(50.,0.,0.));
#2891=CARTESIAN_POINT('',(50.,-27.,0.));
#2892=CARTESIAN_POINT('',(47.,-27.,0.));
#2893=CARTESIAN_POINT('',(-47.,-27.,0.));
#2894=CARTESIAN_POINT('',(-50.,-27.,0.));
#2895=CARTESIAN_POINT('',(-50.,0.,0.));
#2896=CARTESIAN_POINT('',(50.,0.,60.));
#2897=CARTESIAN_POINT('',(50.,9.62132034355964,50.3786796564404));
#2898=CARTESIAN_POINT('',(50.,16.2426406871193,57.));
#2899=CARTESIAN_POINT('',(50.,-27.,13.7573593128807));
#2900=CARTESIAN_POINT('',(50.,-27.,0.));
#2901=CARTESIAN_POINT('',(50.,15.,57.));
#2902=CARTESIAN_POINT('',(-50.,0.,60.));
#2903=CARTESIAN_POINT('',(-50.,-27.,60.));
#2904=CARTESIAN_POINT('',(-50.,-27.,13.7573593128807));
#2905=CARTESIAN_POINT('',(-50.,17.1213203435596,57.8786796564404));
#2906=CARTESIAN_POINT('',(-50.,16.2426406871193,57.));
#2907=CARTESIAN_POINT('',(-50.,0.,57.));
#2908=CARTESIAN_POINT('',(-47.,27.,57.));
#2909=CARTESIAN_POINT('',(-47.,16.2426406871193,57.));
#2910=CARTESIAN_POINT('',(-47.,16.2426406871193,57.));
#2911=CARTESIAN_POINT('',(-47.,16.2426406871193,57.));
#2912=CARTESIAN_POINT('',(-47.,16.2426406871193,57.));
#2913=CARTESIAN_POINT('',(-47.,-27.,60.));
#2914=CARTESIAN_POINT('',(-47.,-27.,13.7573593128807));
#2915=CARTESIAN_POINT('',(-47.,9.62132034355964,50.3786796564404));
#2916=CARTESIAN_POINT('',(-47.,-27.,13.7573593128807));
#2917=CARTESIAN_POINT('',(50.,16.2426406871193,57.));
#2918=CARTESIAN_POINT('',(47.,16.2426406871193,57.));
#2919=CARTESIAN_POINT('',(47.,0.,57.));
#2920=CARTESIAN_POINT('',(47.,16.2426406871193,57.));
#2921=CARTESIAN_POINT('',(-47.,-27.,13.7573593128807));
#2922=CARTESIAN_POINT('',(-47.,-27.,13.7573593128807));
#2923=CARTESIAN_POINT('',(47.,16.2426406871193,57.));
#2924=CARTESIAN_POINT('',(47.,16.2426406871193,57.));
#2925=CARTESIAN_POINT('',(0.,-27.,13.7573593128807));
#2926=CARTESIAN_POINT('',(47.,-27.,13.7573593128807));
#2927=CARTESIAN_POINT('',(47.,9.62132034355964,50.3786796564404));
#2928=CARTESIAN_POINT('',(47.,-27.,13.7573593128807));
#2929=CARTESIAN_POINT('',(47.,-27.,13.7573593128807));
#2930=CARTESIAN_POINT('',(47.,-27.,13.7573593128807));
#2931=CARTESIAN_POINT('',(47.,-27.,60.));
#2932=CARTESIAN_POINT('',(-27.,-4.32002450978552,34.3160144595355));
#2933=CARTESIAN_POINT('',(-27.,2.04393652089341,44.9226161773338));
#2934=CARTESIAN_POINT('',(-27.,2.04393652089341,44.9226161773338));
#2935=CARTESIAN_POINT('',(-27.,-8.20911180631154,34.6695678501289));
#2936=CARTESIAN_POINT('',(-27.,-8.20911180631154,34.6695678501289));
#2937=CARTESIAN_POINT('',(-27.,-18.4621601335165,24.4165195229239));
#2938=CARTESIAN_POINT('',(-27.,-18.4621601335165,24.4165195229239));
#2939=CARTESIAN_POINT('',(-2.,-4.32002450978552,34.3160144595355));
#2940=CARTESIAN_POINT('',(-2.,-18.4621601335165,24.4165195229239));
#2941=CARTESIAN_POINT('',(-2.,-18.4621601335165,24.4165195229239));
#2942=CARTESIAN_POINT('',(-2.,-8.20911180631154,34.6695678501289));
#2943=CARTESIAN_POINT('',(-2.,-8.20911180631154,34.6695678501289));
#2944=CARTESIAN_POINT('',(-2.,2.04393652089341,44.9226161773338));
#2945=CARTESIAN_POINT('',(-2.,2.04393652089341,44.9226161773338));
#2946=CARTESIAN_POINT('',(27.,-4.31648897587959,34.3195499934415));
#2947=CARTESIAN_POINT('',(27.,-3.96293558528631,33.9659966028482));
#2948=CARTESIAN_POINT('',(27.,-6.61458601473597,31.3143461733985));
#2949=CARTESIAN_POINT('',(-14.5,2.04393652089341,44.9226161773338));
#2950=CARTESIAN_POINT('',(-14.5,2.04393652089341,44.9226161773338));
#2951=CARTESIAN_POINT('',(0.,-7.06066017177983,35.8180194846605));
#2952=CARTESIAN_POINT('',(-4.,0.629722958520307,43.5084026149607));
#2953=CARTESIAN_POINT('',(-4.,1.69038313030013,44.5690627867405));
#2954=CARTESIAN_POINT('',(-25.,0.629722958520307,43.5084026149607));
#2955=CARTESIAN_POINT('',(-25.,1.69038313030013,44.5690627867405));
#2956=CARTESIAN_POINT('',(-14.5,-18.4621601335165,24.4165195229239));
#2957=CARTESIAN_POINT('',(-14.5,-18.4621601335165,24.4165195229239));
#2958=CARTESIAN_POINT('',(0.,-7.06066017177983,35.8180194846605));
#2959=CARTESIAN_POINT('',(-25.,-16.3408397899569,26.5378398664836));
#2960=CARTESIAN_POINT('',(-25.,-15.280179618177,27.5985000382634));
#2961=CARTESIAN_POINT('',(-4.,-16.3408397899569,26.5378398664836));
#2962=CARTESIAN_POINT('',(-4.,-15.280179618177,27.5985000382634));
#2963=CARTESIAN_POINT('',(-4.,-18.4621601335165,28.6591602100431));
#2964=CARTESIAN_POINT('',(-25.,-18.4621601335165,28.6591602100431));
#2965=CARTESIAN_POINT('',(-25.,-1.49159738503933,45.6297229585203));
#2966=CARTESIAN_POINT('',(-4.,-1.49159738503933,45.6297229585203));
#2967=CARTESIAN_POINT('',(-21.,-3.,5.5));
#2968=CARTESIAN_POINT('',(5.,-3.,5.5));
#2969=CARTESIAN_POINT('',(5.,-3.,5.5));
#2970=CARTESIAN_POINT('',(-21.,-3.,5.5));
#2971=CARTESIAN_POINT('',(5.,11.,5.5));
#2972=CARTESIAN_POINT('',(5.,25.,5.5));
#2973=CARTESIAN_POINT('',(5.,25.,5.5));
#2974=CARTESIAN_POINT('',(5.,11.,5.5));
#2975=CARTESIAN_POINT('',(-21.,25.,5.5));
#2976=CARTESIAN_POINT('',(-21.,25.,5.5));
#2977=CARTESIAN_POINT('',(0.,0.,5.5));
#2978=CARTESIAN_POINT('',(3.,-1.,5.5));
#2979=CARTESIAN_POINT('',(4.,-1.,5.5));
#2980=CARTESIAN_POINT('',(-45.,23.,5.5));
#2981=CARTESIAN_POINT('',(-44.,23.,5.5));
#2982=CARTESIAN_POINT('',(-45.,-1.,5.5));
#2983=CARTESIAN_POINT('',(-44.,-1.,5.5));
#2984=CARTESIAN_POINT('',(3.,23.,5.5));
#2985=CARTESIAN_POINT('',(4.,23.,5.5));
#2986=CARTESIAN_POINT('',(34.5,-3.96293558528642,33.9659966028481));
#2987=CARTESIAN_POINT('',(34.5,-7.85202288181244,30.0769093063221));
#2988=CARTESIAN_POINT('',(34.5,-7.85202288181244,30.0769093063221));
#2989=CARTESIAN_POINT('',(34.5,-3.96293558528642,33.9659966028481));
#2990=CARTESIAN_POINT('',(34.5,0.456481797129496,38.3854139852641));
#2991=CARTESIAN_POINT('',(34.5,0.456481797129496,38.3854139852641));
#2992=CARTESIAN_POINT('',(27.,-7.85202288181244,30.0769093063221));
#2993=CARTESIAN_POINT('',(19.5,-7.85202288181244,30.0769093063221));
#2994=CARTESIAN_POINT('',(19.5,-7.85202288181244,30.0769093063221));
#2995=CARTESIAN_POINT('',(27.,-7.85202288181244,30.0769093063221));
#2996=CARTESIAN_POINT('',(19.5,-3.96293558528642,33.9659966028481));
#2997=CARTESIAN_POINT('',(19.5,0.456481797129497,38.3854139852641));
#2998=CARTESIAN_POINT('',(19.5,0.456481797129496,38.3854139852641));
#2999=CARTESIAN_POINT('',(19.5,-3.96293558528642,33.9659966028481));
#3000=CARTESIAN_POINT('',(0.,-4.58578643762691,33.3431457505076));
#3001=CARTESIAN_POINT('',(27.,0.456481797129496,38.3854139852641));
#3002=CARTESIAN_POINT('',(23.9621370343856,6.46688943721535,38.7389673758575));
#3003=CARTESIAN_POINT('',(32.,15.836054287937,25.4807152286096));
#3004=CARTESIAN_POINT('',(17.5,15.836054287937,25.4807152286095));
#3005=CARTESIAN_POINT('',(23.9621370343856,3.28490892187568,35.5569868605179));
#3006=CARTESIAN_POINT('',(-45.,21.,25.));
#3007=CARTESIAN_POINT('',(-45.,21.,25.));
#3008=CARTESIAN_POINT('',(-45.,23.,25.));
#3009=CARTESIAN_POINT('',(-45.,23.,25.));
#3010=CARTESIAN_POINT('',(-45.,21.,29.));
#3011=CARTESIAN_POINT('',(-45.,23.,29.));
#3012=CARTESIAN_POINT('',(-45.,23.,29.));
#3013=CARTESIAN_POINT('',(-45.,27.,29.));
#3014=CARTESIAN_POINT('',(45.,21.,51.7573593128807));
#3015=CARTESIAN_POINT('',(43.,23.,51.7573593128807));
#3016=CARTESIAN_POINT('',(45.,23.,51.7573593128807));
#3017=CARTESIAN_POINT('',(45.,27.,51.7573593128807));
#3018=CARTESIAN_POINT('',(43.,21.,53.7573593128807));
#3019=CARTESIAN_POINT('',(43.,21.,53.7573593128807));
#3020=CARTESIAN_POINT('',(43.,21.,53.7573593128807));
#3021=CARTESIAN_POINT('',(43.,21.,53.7573593128807));
#3022=CARTESIAN_POINT('',(0.,21.,30.));
#3023=CARTESIAN_POINT('',(47.,21.,53.7573593128807));
#3024=CARTESIAN_POINT('',(44.,21.,53.7573593128807));
#3025=CARTESIAN_POINT('',(45.,21.,53.75736));
#3026=CARTESIAN_POINT('',(46.,21.,53.7573593128807));
#3027=CARTESIAN_POINT('',(47.,21.,53.7573593128807));
#3028=CARTESIAN_POINT('',(-45.,21.,51.7573593128807));
#3029=CARTESIAN_POINT('',(-45.,21.,51.7573593128807));
#3030=CARTESIAN_POINT('',(-45.,23.,51.7573593128807));
#3031=CARTESIAN_POINT('',(-45.,23.,51.7573593128807));
#3032=CARTESIAN_POINT('',(-43.,21.,53.7573593128807));
#3033=CARTESIAN_POINT('',(-43.,21.,53.7573593128807));
#3034=CARTESIAN_POINT('',(-43.,21.,53.7573593128807));
#3035=CARTESIAN_POINT('',(-43.,27.,53.7573593128807));
#3036=CARTESIAN_POINT('',(0.,21.,30.));
#3037=CARTESIAN_POINT('',(0.,21.,53.7573593128807));
#3038=CARTESIAN_POINT('',(-46.,21.,53.7573593128807));
#3039=CARTESIAN_POINT('',(-45.,21.,53.75736));
#3040=CARTESIAN_POINT('',(-44.,21.,53.7573593128807));
#3041=CARTESIAN_POINT('',(0.,21.,53.7573593128807));
#3042=CARTESIAN_POINT('',(45.,21.,7.));
#3043=CARTESIAN_POINT('',(45.,21.,7.));
#3044=CARTESIAN_POINT('',(45.,23.,7.));
#3045=CARTESIAN_POINT('',(45.,23.,7.));
#3046=CARTESIAN_POINT('',(43.,21.,5.));
#3047=CARTESIAN_POINT('',(43.,21.,5.));
#3048=CARTESIAN_POINT('',(43.,21.,5.));
#3049=CARTESIAN_POINT('',(43.,27.,5.));
#3050=CARTESIAN_POINT('',(0.,21.,30.));
#3051=CARTESIAN_POINT('',(0.,21.,5.));
#3052=CARTESIAN_POINT('',(46.,21.,5.));
#3053=CARTESIAN_POINT('',(45.,21.,5.));
#3054=CARTESIAN_POINT('',(44.,21.,5.));
#3055=CARTESIAN_POINT('',(0.,21.,5.));
#3056=CARTESIAN_POINT('',(45.,20.9,5.));
#3057=CARTESIAN_POINT('',(46.,21.,5.));
#3058=CARTESIAN_POINT('',(46.,21.,5.26905346796265));
#3059=CARTESIAN_POINT('',(45.7818759255209,21.1247848708554,5.78078045575644));
#3060=CARTESIAN_POINT('',(45.0029287748743,21.3394695553119,6.10947273160153));
#3061=CARTESIAN_POINT('',(44.2170905245435,21.1250265730628,5.78131910987148));
#3062=CARTESIAN_POINT('',(44.,21.,5.26928702619072));
#3063=CARTESIAN_POINT('',(44.,21.,5.));
#3064=CARTESIAN_POINT('',(-45.,20.9,53.75736));
#3065=CARTESIAN_POINT('',(-46.,21.,53.7573593128807));
#3066=CARTESIAN_POINT('',(-45.9999998151283,21.,53.48830597265));
#3067=CARTESIAN_POINT('',(-45.7818755950344,21.1247847299306,52.9765793465113));
#3068=CARTESIAN_POINT('',(-45.0029287745062,21.3394690307881,52.6478873672896));
#3069=CARTESIAN_POINT('',(-44.2170908552758,21.1250264318391,52.976040692294));
#3070=CARTESIAN_POINT('',(-44.0000001850322,21.,53.4880724154244));
#3071=CARTESIAN_POINT('',(-44.,21.,53.7573593128807));
#3072=CARTESIAN_POINT('',(45.,20.9,53.75736));
#3073=CARTESIAN_POINT('',(44.,21.,53.7573593128807));
#3074=CARTESIAN_POINT('',(44.0000001848717,21.,53.48830597265));
#3075=CARTESIAN_POINT('',(44.2181244049655,21.1247847299306,52.9765793465113));
#3076=CARTESIAN_POINT('',(44.9970712254938,21.3394690307881,52.6478873672896));
#3077=CARTESIAN_POINT('',(45.7829091447242,21.1250264318391,52.976040692294));
#3078=CARTESIAN_POINT('',(45.9999998149678,21.,53.4880724154244));
#3079=CARTESIAN_POINT('',(46.,21.,53.7573593128807));
#3080=CARTESIAN_POINT('',(-45.,20.9,27.));
#3081=CARTESIAN_POINT('',(-46.,21.,27.));
#3082=CARTESIAN_POINT('',(-46.,21.,26.4612930028171));
#3083=CARTESIAN_POINT('',(-45.5328097060859,21.2679491924309,26.0000000000004));
#3084=CARTESIAN_POINT('',(-45.0000000000008,21.2679491924311,26.));
#3085=CARTESIAN_POINT('',(-46.,21.,27.));
#3086=CARTESIAN_POINT('',(-45.0000000000008,21.267949192431,26.));
#3087=CARTESIAN_POINT('',(-45.,21.2679491924311,27.));
#3088=CARTESIAN_POINT('',(-45.0000000000007,21.2679491924311,28.));
#3089=CARTESIAN_POINT('',(-46.,21.,27.));
#3090=CARTESIAN_POINT('',(-46.,21.,27.538706997183));
#3091=CARTESIAN_POINT('',(-45.5328097060859,21.2679491924309,27.9999999999996));
#3092=CARTESIAN_POINT('',(-45.0000000000007,21.2679491924311,28.));
#3093=CARTESIAN_POINT('',(3.,23.,1.));
#3094=CARTESIAN_POINT('',(3.,23.,1.));
#3095=CARTESIAN_POINT('',(4.,23.,1.));
#3096=CARTESIAN_POINT('',(-21.,11.,1.));
#3097=CARTESIAN_POINT('',(-45.,-1.,1.));
#3098=CARTESIAN_POINT('',(-45.,-1.,1.));
#3099=CARTESIAN_POINT('',(-44.,-1.,1.));
#3100=CARTESIAN_POINT('',(-21.,11.,1.));
#3101=CARTESIAN_POINT('',(-45.,23.,1.));
#3102=CARTESIAN_POINT('',(-45.,23.,1.));
#3103=CARTESIAN_POINT('',(-44.,23.,1.));
#3104=CARTESIAN_POINT('',(-21.,11.,1.));
#3105=CARTESIAN_POINT('',(3.,-1.,1.));
#3106=CARTESIAN_POINT('',(3.,-1.,1.));
#3107=CARTESIAN_POINT('',(4.,-1.,1.));
#3108=CARTESIAN_POINT('',(-21.,11.,1.));
#3109=CARTESIAN_POINT('',(0.,23.,27.));
#3110=CARTESIAN_POINT('',(-45.,23.,27.));
#3111=CARTESIAN_POINT('',(-45.,23.,27.));
#3112=CARTESIAN_POINT('',(-45.,21.,27.));
#3113=CARTESIAN_POINT('',(-45.,23.,27.));
#3114=CARTESIAN_POINT('',(-45.,23.,27.));
#3115=CARTESIAN_POINT('',(0.,23.,5.));
#3116=CARTESIAN_POINT('',(45.,23.,5.));
#3117=CARTESIAN_POINT('',(45.,21.,5.));
#3118=CARTESIAN_POINT('',(45.,21.,53.7573593128807));
#3119=CARTESIAN_POINT('',(45.,23.,53.7573593128807));
#3120=CARTESIAN_POINT('',(45.,23.,53.7573593128807));
#3121=CARTESIAN_POINT('',(-45.,21.,53.7573593128807));
#3122=CARTESIAN_POINT('',(-45.,23.,53.7573593128807));
#3123=CARTESIAN_POINT('',(0.,23.,53.7573593128807));
#3124=CARTESIAN_POINT('',(0.,0.,0.));
#3125=CARTESIAN_POINT('',(-61.4139281614327,-40.3365583720133,9.));
#3126=CARTESIAN_POINT('',(-60.1639281614327,-40.3365583720133,9.));
#3127=CARTESIAN_POINT('',(-60.1639281614327,-43.3365583720134,9.));
#3128=CARTESIAN_POINT('',(-60.1639281614327,-37.3365583720134,9.));
#3129=CARTESIAN_POINT('',(-61.4139281614327,-40.3365583720133,9.));
#3130=CARTESIAN_POINT('',(-61.4139281614327,-40.3365583720133,11.));
#3131=CARTESIAN_POINT('',(-61.4139281614327,-40.3365583720133,11.));
#3132=CARTESIAN_POINT('',(-66.6639281614327,-40.3365583720133,11.));
#3133=CARTESIAN_POINT('',(-61.4139281614327,-40.3365583720133,0.));
#3134=CARTESIAN_POINT('',(-56.1639281614327,-40.3365583720133,0.));
#3135=CARTESIAN_POINT('',(-61.4139281614327,-40.3365583720133,0.));
#3136=CARTESIAN_POINT('',(-61.4139281614327,-40.3365583720133,0.));
#3137=CARTESIAN_POINT('',(-58.1639281614327,-40.3365583720133,0.));
#3138=CARTESIAN_POINT('',(-61.4139281614327,-40.3365583720133,11.));
#3139=CARTESIAN_POINT('',(-60.1639281614327,-43.3365583720134,3.));
#3140=CARTESIAN_POINT('',(-60.1639281614327,-43.3365583720134,3.));
#3141=CARTESIAN_POINT('',(-61.4139281614327,-40.3365583720133,3.));
#3142=CARTESIAN_POINT('',(-60.1639281614327,-37.3365583720134,3.));
#3143=CARTESIAN_POINT('',(-60.1639281614327,-37.3365583720134,3.));
#3144=CARTESIAN_POINT('',(-61.4139281614327,-40.3365583720133,11.));
#3145=CARTESIAN_POINT('',(-60.1639281614327,-40.3365583720133,3.));
#3146=CARTESIAN_POINT('',(-60.1639281614327,-40.3365583720133,3.));
#3147=CARTESIAN_POINT('',(-61.4139281614327,-40.3365583720133,3.));
#3148=MECHANICAL_DESIGN_GEOMETRIC_PRESENTATION_REPRESENTATION('',(#1854),
#3151);
#3149=MECHANICAL_DESIGN_GEOMETRIC_PRESENTATION_REPRESENTATION('',(#1855),
#3152);
#3150=MECHANICAL_DESIGN_GEOMETRIC_PRESENTATION_REPRESENTATION('',(#1856),
#3153);
#3151=(
GEOMETRIC_REPRESENTATION_CONTEXT(3)
GLOBAL_UNCERTAINTY_ASSIGNED_CONTEXT((#3154))
GLOBAL_UNIT_ASSIGNED_CONTEXT((#3163,#3160,#3157))
REPRESENTATION_CONTEXT('Part 2','TOP_LEVEL_ASSEMBLY_PART')
);
#3152=(
GEOMETRIC_REPRESENTATION_CONTEXT(3)
GLOBAL_UNCERTAINTY_ASSIGNED_CONTEXT((#3155))
GLOBAL_UNIT_ASSIGNED_CONTEXT((#3164,#3161,#3158))
REPRESENTATION_CONTEXT('Part 1','TOP_LEVEL_ASSEMBLY_PART')
);
#3153=(
GEOMETRIC_REPRESENTATION_CONTEXT(3)
GLOBAL_UNCERTAINTY_ASSIGNED_CONTEXT((#3156))
GLOBAL_UNIT_ASSIGNED_CONTEXT((#3165,#3162,#3159))
REPRESENTATION_CONTEXT('Part 3','TOP_LEVEL_ASSEMBLY_PART')
);
#3154=UNCERTAINTY_MEASURE_WITH_UNIT(LENGTH_MEASURE(1.E-5),#3163,
'DISTANCE_ACCURACY_VALUE','Maximum Tolerance applied to model');
#3155=UNCERTAINTY_MEASURE_WITH_UNIT(LENGTH_MEASURE(1.E-5),#3164,
'DISTANCE_ACCURACY_VALUE','Maximum Tolerance applied to model');
#3156=UNCERTAINTY_MEASURE_WITH_UNIT(LENGTH_MEASURE(1.E-5),#3165,
'DISTANCE_ACCURACY_VALUE','Maximum Tolerance applied to model');
#3157=(
NAMED_UNIT(*)
SI_UNIT($,.STERADIAN.)
SOLID_ANGLE_UNIT()
);
#3158=(
NAMED_UNIT(*)
SI_UNIT($,.STERADIAN.)
SOLID_ANGLE_UNIT()
);
#3159=(
NAMED_UNIT(*)
SI_UNIT($,.STERADIAN.)
SOLID_ANGLE_UNIT()
);
#3160=(
NAMED_UNIT(*)
PLANE_ANGLE_UNIT()
SI_UNIT($,.RADIAN.)
);
#3161=(
NAMED_UNIT(*)
PLANE_ANGLE_UNIT()
SI_UNIT($,.RADIAN.)
);
#3162=(
NAMED_UNIT(*)
PLANE_ANGLE_UNIT()
SI_UNIT($,.RADIAN.)
);
#3163=(
LENGTH_UNIT()
NAMED_UNIT(*)
SI_UNIT(.MILLI.,.METRE.)
);
#3164=(
LENGTH_UNIT()
NAMED_UNIT(*)
SI_UNIT(.MILLI.,.METRE.)
);
#3165=(
LENGTH_UNIT()
NAMED_UNIT(*)
SI_UNIT(.MILLI.,.METRE.)
);
#3166=PRODUCT_DEFINITION_SHAPE('','',#3169);
#3167=PRODUCT_DEFINITION_SHAPE('','',#3170);
#3168=PRODUCT_DEFINITION_SHAPE('','',#3171);
#3169=PRODUCT_DEFINITION('','',#3175,#3172);
#3170=PRODUCT_DEFINITION('','',#3176,#3173);
#3171=PRODUCT_DEFINITION('','',#3177,#3174);
#3172=PRODUCT_DEFINITION_CONTEXT('',#3193,'design');
#3173=PRODUCT_DEFINITION_CONTEXT('',#3194,'design');
#3174=PRODUCT_DEFINITION_CONTEXT('',#3195,'design');
#3175=PRODUCT_DEFINITION_FORMATION_WITH_SPECIFIED_SOURCE('','',#3181,
 .NOT_KNOWN.);
#3176=PRODUCT_DEFINITION_FORMATION_WITH_SPECIFIED_SOURCE('','',#3182,
 .NOT_KNOWN.);
#3177=PRODUCT_DEFINITION_FORMATION_WITH_SPECIFIED_SOURCE('','',#3183,
 .NOT_KNOWN.);
#3178=PRODUCT_RELATED_PRODUCT_CATEGORY('','',(#3181));
#3179=PRODUCT_RELATED_PRODUCT_CATEGORY('','',(#3182));
#3180=PRODUCT_RELATED_PRODUCT_CATEGORY('','',(#3183));
#3181=PRODUCT('Part 2','Part 2','Part 2',(#3187));
#3182=PRODUCT('Part 1','Part 1','Part 1',(#3188));
#3183=PRODUCT('Part 3','Part 3','Part 3',(#3189));
#3184=PRODUCT_CATEGORY('','');
#3185=PRODUCT_CATEGORY('','');
#3186=PRODUCT_CATEGORY('','');
#3187=PRODUCT_CONTEXT('',#3193,'mechanical');
#3188=PRODUCT_CONTEXT('',#3194,'mechanical');
#3189=PRODUCT_CONTEXT('',#3195,'mechanical');
#3190=APPLICATION_PROTOCOL_DEFINITION('international standard',
'ap242_managed_model_based_3d_engineering',2020,#3193);
#3191=APPLICATION_PROTOCOL_DEFINITION('international standard',
'ap242_managed_model_based_3d_engineering',2020,#3194);
#3192=APPLICATION_PROTOCOL_DEFINITION('international standard',
'ap242_managed_model_based_3d_engineering',2020,#3195);
#3193=APPLICATION_CONTEXT('managed model based 3d engineering');
#3194=APPLICATION_CONTEXT('managed model based 3d engineering');
#3195=APPLICATION_CONTEXT('managed model based 3d engineering');
ENDSEC;
END-ISO-10303-21;
